contract_id,title,file_name,file_path,char_count,word_count
0,LIMEENERGYCO_09_09_1999-EX-10-DISTRIBUTOR AGREEMENT,LIMEENERGYCO_09_09_1999-EX-10-DISTRIBUTOR_AGREEMENT.txt,data/raw/LIMEENERGYCO_09_09_1999-EX-10-DISTRIBUTOR_AGREEMENT.txt,54290,5998
1,"WHITESMOKE,INC_11_08_2011-EX-10.26-PROMOTION AND DISTRIBUTION AGREEMENT",WHITESMOKE_INC_11_08_2011-EX-10_26-PROMOTION_AND_DISTRIBUTION_AGREEMENT.txt,data/raw/WHITESMOKE_INC_11_08_2011-EX-10_26-PROMOTION_AND_DISTRIBUTION_AGREEMENT.txt,70383,11313
2,LohaCompanyltd_20191209_F-1_EX-10.16_11917878_EX-10.16_Supply Agreement,LohaCompanyltd_20191209_F-1_EX-10_16_11917878_EX-10_16_Supply_Agreement.txt,data/raw/LohaCompanyltd_20191209_F-1_EX-10_16_11917878_EX-10_16_Supply_Agreement.txt,11475,1880
3,CENTRACKINTERNATIONALINC_10_29_1999-EX-10.3-WEB SITE HOSTING AGREEMENT,CENTRACKINTERNATIONALINC_10_29_1999-EX-10_3-WEB_SITE_HOSTING_AGREEMENT.txt,data/raw/CENTRACKINTERNATIONALINC_10_29_1999-EX-10_3-WEB_SITE_HOSTING_AGREEMENT.txt,15176,2280
4,NELNETINC_04_08_2020-EX-1-JOINT FILING AGREEMENT,NELNETINC_04_08_2020-EX-1-JOINT_FILING_AGREEMENT.txt,data/raw/NELNETINC_04_08_2020-EX-1-JOINT_FILING_AGREEMENT.txt,1081,170
5,ADAMSGOLFINC_03_21_2005-EX-10.17-ENDORSEMENT AGREEMENT,ADAMSGOLFINC_03_21_2005-EX-10_17-ENDORSEMENT_AGREEMENT.txt,data/raw/ADAMSGOLFINC_03_21_2005-EX-10_17-ENDORSEMENT_AGREEMENT.txt,24632,3770
6,"KIROMICBIOPHARMA,INC_05_11_2020-EX-10.23-CONSULTING AGREEMENT",KIROMICBIOPHARMA_INC_05_11_2020-EX-10_23-CONSULTING_AGREEMENT.txt,data/raw/KIROMICBIOPHARMA_INC_05_11_2020-EX-10_23-CONSULTING_AGREEMENT.txt,18403,2766
7,"VEONEER,INC_02_21_2020-EX-10.11-JOINT VENTURE AGREEMENT",VEONEER_INC_02_21_2020-EX-10_11-JOINT_VENTURE_AGREEMENT.txt,data/raw/VEONEER_INC_02_21_2020-EX-10_11-JOINT_VENTURE_AGREEMENT.txt,8257,1334
8,DovaPharmaceuticalsInc_20181108_10-Q_EX-10.2_11414857_EX-10.2_Promotion Agreement,DovaPharmaceuticalsInc_20181108_10-Q_EX-10_2_11414857_EX-10_2_Promotion_Agreement.txt,data/raw/DovaPharmaceuticalsInc_20181108_10-Q_EX-10_2_11414857_EX-10_2_Promotion_Agreement.txt,175580,26789
9,"PACIRA PHARMACEUTICALS, INC. - A_R STRATEGIC LICENSING, DISTRIBUTION AND MARKETING AGREEMENT ",PACIRA_PHARMACEUTICALS__INC__-_A_R_STRATEGIC_LICENSING__DISTRIBUTION_AND_MARKETING_AGREEMENT_.txt,data/raw/PACIRA_PHARMACEUTICALS__INC__-_A_R_STRATEGIC_LICENSING__DISTRIBUTION_AND_MARKETING_AGREEMENT_.txt,145168,22756
10,"MetLife, Inc. - Remarketing Agreement",MetLife__Inc__-_Remarketing_Agreement.txt,data/raw/MetLife__Inc__-_Remarketing_Agreement.txt,111249,17518
11,"FTENETWORKS,INC_02_18_2016-EX-99.4-STRATEGIC ALLIANCE AGREEMENT",FTENETWORKS_INC_02_18_2016-EX-99_4-STRATEGIC_ALLIANCE_AGREEMENT.txt,data/raw/FTENETWORKS_INC_02_18_2016-EX-99_4-STRATEGIC_ALLIANCE_AGREEMENT.txt,37829,5761
12,DOMINIADVISORTRUST_02_18_2005-EX-99.(H)(2)-SPONSORSHIP AGREEMENT,DOMINIADVISORTRUST_02_18_2005-EX-99__H__2_-SPONSORSHIP_AGREEMENT.txt,data/raw/DOMINIADVISORTRUST_02_18_2005-EX-99__H__2_-SPONSORSHIP_AGREEMENT.txt,12555,1847
13,PfHospitalityGroupInc_20150923_10-12G_EX-10.1_9266710_EX-10.1_Franchise Agreement3,PfHospitalityGroupInc_20150923_10-12G_EX-10_1_9266710_EX-10_1_Franchise_Agreement3.txt,data/raw/PfHospitalityGroupInc_20150923_10-12G_EX-10_1_9266710_EX-10_1_Franchise_Agreement3.txt,6772,1014
14,CerenceInc_20191002_8-K_EX-10.4_11827494_EX-10.4_Intellectual Property Agreement,CerenceInc_20191002_8-K_EX-10_4_11827494_EX-10_4_Intellectual_Property_Agreement.txt,data/raw/CerenceInc_20191002_8-K_EX-10_4_11827494_EX-10_4_Intellectual_Property_Agreement.txt,62170,9608
15,ThriventVariableInsuranceAccountB_20190701_N-6_EX-99.D(IV)_11720968_EX-99.D(IV)_Endorsement Agreement,ThriventVariableInsuranceAccountB_20190701_N-6_EX-99_D_IV__11720968_EX-99_D_IV__Endorsement_Agreement.txt,data/raw/ThriventVariableInsuranceAccountB_20190701_N-6_EX-99_D_IV__11720968_EX-99_D_IV__Endorsement_Agreement.txt,4871,735
16,ReynoldsConsumerProductsInc_20191115_S-1_EX-10.18_11896469_EX-10.18_Supply Agreement,ReynoldsConsumerProductsInc_20191115_S-1_EX-10_18_11896469_EX-10_18_Supply_Agreement.txt,data/raw/ReynoldsConsumerProductsInc_20191115_S-1_EX-10_18_11896469_EX-10_18_Supply_Agreement.txt,61710,9599
17,IntegrityFunds_20200121_485BPOS_EX-99.E UNDR CONTR_11948727_EX-99.E UNDR CONTR_Service Agreement,IntegrityFunds_20200121_485BPOS_EX-99_E_UNDR_CONTR_11948727_EX-99_E_UNDR_CONTR_Service_Agreement.txt,data/raw/IntegrityFunds_20200121_485BPOS_EX-99_E_UNDR_CONTR_11948727_EX-99_E_UNDR_CONTR_Service_Agreement.txt,23845,3784
18,PREMIERBIOMEDICALINC_05_14_2020-EX-10.2-INTELLECTUAL PROPERTY AGREEMENT,PREMIERBIOMEDICALINC_05_14_2020-EX-10_2-INTELLECTUAL_PROPERTY_AGREEMENT.txt,data/raw/PREMIERBIOMEDICALINC_05_14_2020-EX-10_2-INTELLECTUAL_PROPERTY_AGREEMENT.txt,23282,3596
19,"SIBANNAC,INC_12_04_2017-EX-2.1-Strategic Alliance Agreement",SIBANNAC_INC_12_04_2017-EX-2_1-Strategic_Alliance_Agreement.txt,data/raw/SIBANNAC_INC_12_04_2017-EX-2_1-Strategic_Alliance_Agreement.txt,8380,1236
20,INTRICONCORP_03_10_2009-EX-10.22-Strategic Alliance Agreement,INTRICONCORP_03_10_2009-EX-10_22-Strategic_Alliance_Agreement.txt,data/raw/INTRICONCORP_03_10_2009-EX-10_22-Strategic_Alliance_Agreement.txt,52967,7774
21,BONTONSTORESINC_04_20_2018-EX-99.3-AGENCY AGREEMENT,BONTONSTORESINC_04_20_2018-EX-99_3-AGENCY_AGREEMENT.txt,data/raw/BONTONSTORESINC_04_20_2018-EX-99_3-AGENCY_AGREEMENT.txt,161626,26842
22,"ON2TECHNOLOGIES,INC_11_17_2006-EX-10.3-SUPPORT AND MAINTENANCE AGREEMENT",ON2TECHNOLOGIES_INC_11_17_2006-EX-10_3-SUPPORT_AND_MAINTENANCE_AGREEMENT.txt,data/raw/ON2TECHNOLOGIES_INC_11_17_2006-EX-10_3-SUPPORT_AND_MAINTENANCE_AGREEMENT.txt,61392,8844
23,Freecook_20180605_S-1_EX-10.3_11233807_EX-10.3_Hosting Agreement,Freecook_20180605_S-1_EX-10_3_11233807_EX-10_3_Hosting_Agreement.txt,data/raw/Freecook_20180605_S-1_EX-10_3_11233807_EX-10_3_Hosting_Agreement.txt,6341,997
24,OPERALTD_04_30_2020-EX-4.14-SERVICE AGREEMENT,OPERALTD_04_30_2020-EX-4_14-SERVICE_AGREEMENT.txt,data/raw/OPERALTD_04_30_2020-EX-4_14-SERVICE_AGREEMENT.txt,20983,3326
25,"BORROWMONEYCOM,INC_06_11_2020-EX-10.1-JOINT VENTURE AGREEMENT",BORROWMONEYCOM_INC_06_11_2020-EX-10_1-JOINT_VENTURE_AGREEMENT.txt,data/raw/BORROWMONEYCOM_INC_06_11_2020-EX-10_1-JOINT_VENTURE_AGREEMENT.txt,21450,3507
26,ZEBRATECHNOLOGIESCORP_04_16_2014-EX-10.1-INTELLECTUAL PROPERTY AGREEMENT,ZEBRATECHNOLOGIESCORP_04_16_2014-EX-10_1-INTELLECTUAL_PROPERTY_AGREEMENT.txt,data/raw/ZEBRATECHNOLOGIESCORP_04_16_2014-EX-10_1-INTELLECTUAL_PROPERTY_AGREEMENT.txt,127205,19581
27,ChinaRealEstateInformationCorp_20090929_F-1_EX-10.32_4771615_EX-10.32_Content License Agreement,ChinaRealEstateInformationCorp_20090929_F-1_EX-10_32_4771615_EX-10_32_Content_License_Agreement.txt,data/raw/ChinaRealEstateInformationCorp_20090929_F-1_EX-10_32_4771615_EX-10_32_Content_License_Agreement.txt,49191,7522
28,"HERTZGLOBALHOLDINGS,INC_07_07_2016-EX-10.4-INTELLECTUAL PROPERTY AGREEMENT",HERTZGLOBALHOLDINGS_INC_07_07_2016-EX-10_4-INTELLECTUAL_PROPERTY_AGREEMENT.txt,data/raw/HERTZGLOBALHOLDINGS_INC_07_07_2016-EX-10_4-INTELLECTUAL_PROPERTY_AGREEMENT.txt,30968,4904
29,GLOBALTECHNOLOGIESLTD_06_08_2020-EX-10.16-CONSULTING AGREEMENT,GLOBALTECHNOLOGIESLTD_06_08_2020-EX-10_16-CONSULTING_AGREEMENT.txt,data/raw/GLOBALTECHNOLOGIESLTD_06_08_2020-EX-10_16-CONSULTING_AGREEMENT.txt,20805,3199
30,PfHospitalityGroupInc_20150923_10-12G_EX-10.1_9266710_EX-10.1_Franchise Agreement1,PfHospitalityGroupInc_20150923_10-12G_EX-10_1_9266710_EX-10_1_Franchise_Agreement1.txt,data/raw/PfHospitalityGroupInc_20150923_10-12G_EX-10_1_9266710_EX-10_1_Franchise_Agreement1.txt,152649,24389
31,CORIOINC_07_20_2000-EX-10.5-LICENSE AND HOSTING AGREEMENT,CORIOINC_07_20_2000-EX-10_5-LICENSE_AND_HOSTING_AGREEMENT.txt,data/raw/CORIOINC_07_20_2000-EX-10_5-LICENSE_AND_HOSTING_AGREEMENT.txt,62324,8396
32,TUNIUCORP_03_06_2014-EX-10-COOPERATION AGREEMENT,TUNIUCORP_03_06_2014-EX-10-COOPERATION_AGREEMENT.txt,data/raw/TUNIUCORP_03_06_2014-EX-10-COOPERATION_AGREEMENT.txt,17917,2760
33,CYBERIANOUTPOSTINC_07_09_1998-EX-10.13-PROMOTION AGREEMENT,CYBERIANOUTPOSTINC_07_09_1998-EX-10_13-PROMOTION_AGREEMENT.txt,data/raw/CYBERIANOUTPOSTINC_07_09_1998-EX-10_13-PROMOTION_AGREEMENT.txt,25288,3450
34,SENMIAOTECHNOLOGYLTD_02_19_2019-EX-10.5-Collaboration Agreement,SENMIAOTECHNOLOGYLTD_02_19_2019-EX-10_5-Collaboration_Agreement.txt,data/raw/SENMIAOTECHNOLOGYLTD_02_19_2019-EX-10_5-Collaboration_Agreement.txt,73890,11876
35,HealthcareIntegratedTechnologiesInc_20190812_8-K_EX-10.1_11776966_EX-10.1_Reseller Agreement,HealthcareIntegratedTechnologiesInc_20190812_8-K_EX-10_1_11776966_EX-10_1_Reseller_Agreement.txt,data/raw/HealthcareIntegratedTechnologiesInc_20190812_8-K_EX-10_1_11776966_EX-10_1_Reseller_Agreement.txt,22288,3519
36,LOYALTYPOINTINC_11_16_2004-EX-10.2-RESELLER AGREEMENT,LOYALTYPOINTINC_11_16_2004-EX-10_2-RESELLER_AGREEMENT.txt,data/raw/LOYALTYPOINTINC_11_16_2004-EX-10_2-RESELLER_AGREEMENT.txt,117478,12890
37,BNCMORTGAGEINC_05_17_1999-EX-10.4-LICENSING AND WEB SITE HOSTING AGREEMENT,BNCMORTGAGEINC_05_17_1999-EX-10_4-LICENSING_AND_WEB_SITE_HOSTING_AGREEMENT.txt,data/raw/BNCMORTGAGEINC_05_17_1999-EX-10_4-LICENSING_AND_WEB_SITE_HOSTING_AGREEMENT.txt,32680,4739
38,ENERGOUSCORP_03_16_2017-EX-10.24-STRATEGIC ALLIANCE AGREEMENT,ENERGOUSCORP_03_16_2017-EX-10_24-STRATEGIC_ALLIANCE_AGREEMENT.txt,data/raw/ENERGOUSCORP_03_16_2017-EX-10_24-STRATEGIC_ALLIANCE_AGREEMENT.txt,81926,12422
39,CytodynInc_20200109_10-Q_EX-10.5_11941634_EX-10.5_License Agreement,CytodynInc_20200109_10-Q_EX-10_5_11941634_EX-10_5_License_Agreement.txt,data/raw/CytodynInc_20200109_10-Q_EX-10_5_11941634_EX-10_5_License_Agreement.txt,159488,24801
40,MSCIINC_02_28_2008-EX-10.10-,MSCIINC_02_28_2008-EX-10_10-.txt,data/raw/MSCIINC_02_28_2008-EX-10_10-.txt,11770,1851
41,NICELTD_06_26_2003-EX-4.5-OUTSOURCING AGREEMENT,NICELTD_06_26_2003-EX-4_5-OUTSOURCING_AGREEMENT.txt,data/raw/NICELTD_06_26_2003-EX-4_5-OUTSOURCING_AGREEMENT.txt,148163,18608
42,ImpresseCorp_20000322_S-1A_EX-10.11_5199234_EX-10.11_Co-Branding Agreement,ImpresseCorp_20000322_S-1A_EX-10_11_5199234_EX-10_11_Co-Branding_Agreement.txt,data/raw/ImpresseCorp_20000322_S-1A_EX-10_11_5199234_EX-10_11_Co-Branding_Agreement.txt,47639,7249
43,AlliedEsportsEntertainmentInc_20190815_8-K_EX-10.19_11788293_EX-10.19_Content License Agreement,AlliedEsportsEntertainmentInc_20190815_8-K_EX-10_19_11788293_EX-10_19_Content_License_Agreement.txt,data/raw/AlliedEsportsEntertainmentInc_20190815_8-K_EX-10_19_11788293_EX-10_19_Content_License_Agreement.txt,35504,5471
44,CHERRYHILLMORTGAGEINVESTMENTCORP_09_26_2013-EX-10.1-Strategic Alliance Agreement,CHERRYHILLMORTGAGEINVESTMENTCORP_09_26_2013-EX-10_1-Strategic_Alliance_Agreement.txt,data/raw/CHERRYHILLMORTGAGEINVESTMENTCORP_09_26_2013-EX-10_1-Strategic_Alliance_Agreement.txt,27741,4441
45,CreditcardscomInc_20070810_S-1_EX-10.33_362297_EX-10.33_Affiliate Agreement,CreditcardscomInc_20070810_S-1_EX-10_33_362297_EX-10_33_Affiliate_Agreement.txt,data/raw/CreditcardscomInc_20070810_S-1_EX-10_33_362297_EX-10_33_Affiliate_Agreement.txt,28804,4045
46,GALACTICOMMTECHNOLOGIESINC_11_07_1997-EX-10.46-WEB HOSTING AGREEMENT,GALACTICOMMTECHNOLOGIESINC_11_07_1997-EX-10_46-WEB_HOSTING_AGREEMENT.txt,data/raw/GALACTICOMMTECHNOLOGIESINC_11_07_1997-EX-10_46-WEB_HOSTING_AGREEMENT.txt,1660,223
47,"Zounds Hearing, Inc. - MANUFACTURING DESIGN MARKETING AGREEMENT",Zounds_Hearing__Inc__-_MANUFACTURING_DESIGN_MARKETING_AGREEMENT.txt,data/raw/Zounds_Hearing__Inc__-_MANUFACTURING_DESIGN_MARKETING_AGREEMENT.txt,47001,6897
48,CUROGROUPHOLDINGSCORP_05_04_2020-EX-10.3-SERVICING AGREEMENT,CUROGROUPHOLDINGSCORP_05_04_2020-EX-10_3-SERVICING_AGREEMENT.txt,data/raw/CUROGROUPHOLDINGSCORP_05_04_2020-EX-10_3-SERVICING_AGREEMENT.txt,36602,5793
49,SouthernStarEnergyInc_20051202_SB-2A_EX-9_801890_EX-9_Affiliate Agreement,SouthernStarEnergyInc_20051202_SB-2A_EX-9_801890_EX-9_Affiliate_Agreement.txt,data/raw/SouthernStarEnergyInc_20051202_SB-2A_EX-9_801890_EX-9_Affiliate_Agreement.txt,22721,3607
50,ConformisInc_20191101_10-Q_EX-10.6_11861402_EX-10.6_Development Agreement,ConformisInc_20191101_10-Q_EX-10_6_11861402_EX-10_6_Development_Agreement.txt,data/raw/ConformisInc_20191101_10-Q_EX-10_6_11861402_EX-10_6_Development_Agreement.txt,63217,9583
51,Principal Life Insurance Company - Broker Dealer Marketing and Servicing Agreement,Principal_Life_Insurance_Company_-_Broker_Dealer_Marketing_and_Servicing_Agreement.txt,data/raw/Principal_Life_Insurance_Company_-_Broker_Dealer_Marketing_and_Servicing_Agreement.txt,29599,4366
52,LegacyEducationAllianceInc_20200330_10-K_EX-10.18_12090678_EX-10.18_Development Agreement,LegacyEducationAllianceInc_20200330_10-K_EX-10_18_12090678_EX-10_18_Development_Agreement.txt,data/raw/LegacyEducationAllianceInc_20200330_10-K_EX-10_18_12090678_EX-10_18_Development_Agreement.txt,46255,7337
53,VerizonAbsLlc_20200123_8-K_EX-10.4_11952335_EX-10.4_Service Agreement,VerizonAbsLlc_20200123_8-K_EX-10_4_11952335_EX-10_4_Service_Agreement.txt,data/raw/VerizonAbsLlc_20200123_8-K_EX-10_4_11952335_EX-10_4_Service_Agreement.txt,289615,45143
54,VERICELCORP_08_06_2019-EX-10.10-SUPPLY AGREEMENT,VERICELCORP_08_06_2019-EX-10_10-SUPPLY_AGREEMENT.txt,data/raw/VERICELCORP_08_06_2019-EX-10_10-SUPPLY_AGREEMENT.txt,102006,15862
55,WPPPLC_04_30_2020-EX-4.28-SERVICE AGREEMENT,WPPPLC_04_30_2020-EX-4_28-SERVICE_AGREEMENT.txt,data/raw/WPPPLC_04_30_2020-EX-4_28-SERVICE_AGREEMENT.txt,65547,10958
56,"WASTE2ENERGYHOLDINGS,INC_06_03_2010-EX-10.2-STRATEGIC ALLIANCE AGREEMENT",WASTE2ENERGYHOLDINGS_INC_06_03_2010-EX-10_2-STRATEGIC_ALLIANCE_AGREEMENT.txt,data/raw/WASTE2ENERGYHOLDINGS_INC_06_03_2010-EX-10_2-STRATEGIC_ALLIANCE_AGREEMENT.txt,40442,6187
57,WORLDWIDESTRATEGIESINC_11_02_2005-EX-10-RESELLER AGREEMENT,WORLDWIDESTRATEGIESINC_11_02_2005-EX-10-RESELLER_AGREEMENT.txt,data/raw/WORLDWIDESTRATEGIESINC_11_02_2005-EX-10-RESELLER_AGREEMENT.txt,84618,10830
58,FEDERATEDGOVERNMENTINCOMESECURITIESINC_04_28_2020-EX-99.SERV AGREE-SERVICES AGREEMENT_SECONDAMENDMENT,FEDERATEDGOVERNMENTINCOMESECURITIESINC_04_28_2020-EX-99_SERV_AGREE-SERVICES_AGREEMENT_SECONDAMENDMENT.txt,data/raw/FEDERATEDGOVERNMENTINCOMESECURITIESINC_04_28_2020-EX-99_SERV_AGREE-SERVICES_AGREEMENT_SECONDAMENDMENT.txt,5466,820
59,AzulSa_20170303_F-1A_EX-10.3_9943903_EX-10.3_Maintenance Agreement2,AzulSa_20170303_F-1A_EX-10_3_9943903_EX-10_3_Maintenance_Agreement2.txt,data/raw/AzulSa_20170303_F-1A_EX-10_3_9943903_EX-10_3_Maintenance_Agreement2.txt,16870,2549
60,PelicanDeliversInc_20200211_S-1_EX-10.3_11975895_EX-10.3_Development Agreement1,PelicanDeliversInc_20200211_S-1_EX-10_3_11975895_EX-10_3_Development_Agreement1.txt,data/raw/PelicanDeliversInc_20200211_S-1_EX-10_3_11975895_EX-10_3_Development_Agreement1.txt,16590,2820
61,ORBSATCORP_08_17_2007-EX-7.3-STRATEGIC ALLIANCE AGREEMENT,ORBSATCORP_08_17_2007-EX-7_3-STRATEGIC_ALLIANCE_AGREEMENT.txt,data/raw/ORBSATCORP_08_17_2007-EX-7_3-STRATEGIC_ALLIANCE_AGREEMENT.txt,18445,2909
62,DRAGONSYSTEMSINC_01_08_1999-EX-10.17-OUTSOURCING AGREEMENT,DRAGONSYSTEMSINC_01_08_1999-EX-10_17-OUTSOURCING_AGREEMENT.txt,data/raw/DRAGONSYSTEMSINC_01_08_1999-EX-10_17-OUTSOURCING_AGREEMENT.txt,8599,1088
63,SEPARATEACCOUNTIIOFAGL_05_02_2011-EX-99.(J)(4)-UNCONDITIONAL CAPITAL MAINTENANCE AGREEMENT,SEPARATEACCOUNTIIOFAGL_05_02_2011-EX-99__J__4_-UNCONDITIONAL_CAPITAL_MAINTENANCE_AGREEMENT.txt,data/raw/SEPARATEACCOUNTIIOFAGL_05_02_2011-EX-99__J__4_-UNCONDITIONAL_CAPITAL_MAINTENANCE_AGREEMENT.txt,20121,2845
64,GridironBionutrientsInc_20171206_8-K_EX-10.2_10972556_EX-10.2_Endorsement Agreement,GridironBionutrientsInc_20171206_8-K_EX-10_2_10972556_EX-10_2_Endorsement_Agreement.txt,data/raw/GridironBionutrientsInc_20171206_8-K_EX-10_2_10972556_EX-10_2_Endorsement_Agreement.txt,3456,529
65,ImperialGardenResortInc_20161028_DRS (on F-1)_EX-10.13_9963189_EX-10.13_Outsourcing Agreement,ImperialGardenResortInc_20161028_DRS__on_F-1__EX-10_13_9963189_EX-10_13_Outsourcing_Agreement.txt,data/raw/ImperialGardenResortInc_20161028_DRS__on_F-1__EX-10_13_9963189_EX-10_13_Outsourcing_Agreement.txt,12260,1849
66,"VIRGINGALACTICHOLDINGS,INC_04_08_2020-EX-99.1-JOINT FILING STATEMENT",VIRGINGALACTICHOLDINGS_INC_04_08_2020-EX-99_1-JOINT_FILING_STATEMENT.txt,data/raw/VIRGINGALACTICHOLDINGS_INC_04_08_2020-EX-99_1-JOINT_FILING_STATEMENT.txt,1194,188
67,FuseMedicalInc_20190321_10-K_EX-10.43_11575454_EX-10.43_Distributor Agreement,FuseMedicalInc_20190321_10-K_EX-10_43_11575454_EX-10_43_Distributor_Agreement.txt,data/raw/FuseMedicalInc_20190321_10-K_EX-10_43_11575454_EX-10_43_Distributor_Agreement.txt,32502,5339
68,ASPIRITYHOLDINGSLLC_05_07_2012-EX-10.6-OUTSOURCING AGREEMENT,ASPIRITYHOLDINGSLLC_05_07_2012-EX-10_6-OUTSOURCING_AGREEMENT.txt,data/raw/ASPIRITYHOLDINGSLLC_05_07_2012-EX-10_6-OUTSOURCING_AGREEMENT.txt,67111,10095
69,"OASYSMOBILE,INC_07_05_2001-EX-10.17-OUTSOURCING AGREEMENT",OASYSMOBILE_INC_07_05_2001-EX-10_17-OUTSOURCING_AGREEMENT.txt,data/raw/OASYSMOBILE_INC_07_05_2001-EX-10_17-OUTSOURCING_AGREEMENT.txt,58860,8147
70,MEDIWOUNDLTD_01_15_2014-EX-10.6-SUPPLY AGREEMENT,MEDIWOUNDLTD_01_15_2014-EX-10_6-SUPPLY_AGREEMENT.txt,data/raw/MEDIWOUNDLTD_01_15_2014-EX-10_6-SUPPLY_AGREEMENT.txt,49915,7708
71,UpjohnInc_20200121_10-12G_EX-2.6_11948692_EX-2.6_Manufacturing Agreement_ Supply Agreement,UpjohnInc_20200121_10-12G_EX-2_6_11948692_EX-2_6_Manufacturing_Agreement__Supply_Agreement.txt,data/raw/UpjohnInc_20200121_10-12G_EX-2_6_11948692_EX-2_6_Manufacturing_Agreement__Supply_Agreement.txt,225094,33948
72,"Antares Pharma, Inc. - Manufacturing Agreement",Antares_Pharma__Inc__-_Manufacturing_Agreement.txt,data/raw/Antares_Pharma__Inc__-_Manufacturing_Agreement.txt,106786,16365
73,RareElementResourcesLtd_20171019_SC 13D_EX-99.4_10897534_EX-99.4_Intellectual Property Agreement,RareElementResourcesLtd_20171019_SC_13D_EX-99_4_10897534_EX-99_4_Intellectual_Property_Agreement.txt,data/raw/RareElementResourcesLtd_20171019_SC_13D_EX-99_4_10897534_EX-99_4_Intellectual_Property_Agreement.txt,34461,5415
74,VARIABLESEPARATEACCOUNT_04_30_2014-EX-13.C-UNCONDITIONAL CAPITAL MAINTENANCE AGREEMENT,VARIABLESEPARATEACCOUNT_04_30_2014-EX-13_C-UNCONDITIONAL_CAPITAL_MAINTENANCE_AGREEMENT.txt,data/raw/VARIABLESEPARATEACCOUNT_04_30_2014-EX-13_C-UNCONDITIONAL_CAPITAL_MAINTENANCE_AGREEMENT.txt,15202,2381
75,ABILITYINC_06_15_2020-EX-4.25-SERVICES AGREEMENT,ABILITYINC_06_15_2020-EX-4_25-SERVICES_AGREEMENT.txt,data/raw/ABILITYINC_06_15_2020-EX-4_25-SERVICES_AGREEMENT.txt,26346,4115
76,ELECTRAMECCANICA VEHICLES CORP. - Manufacturing Agreement,ELECTRAMECCANICA_VEHICLES_CORP__-_Manufacturing_Agreement.txt,data/raw/ELECTRAMECCANICA_VEHICLES_CORP__-_Manufacturing_Agreement.txt,47889,7251
77,GopageCorp_20140221_10-K_EX-10.1_8432966_EX-10.1_Content License Agreement,GopageCorp_20140221_10-K_EX-10_1_8432966_EX-10_1_Content_License_Agreement.txt,data/raw/GopageCorp_20140221_10-K_EX-10_1_8432966_EX-10_1_Content_License_Agreement.txt,39622,6030
78,BICYCLETHERAPEUTICSPLC_03_10_2020-EX-10.11-SERVICE AGREEMENT,BICYCLETHERAPEUTICSPLC_03_10_2020-EX-10_11-SERVICE_AGREEMENT.txt,data/raw/BICYCLETHERAPEUTICSPLC_03_10_2020-EX-10_11-SERVICE_AGREEMENT.txt,57041,9252
79,FreezeTagInc_20180411_8-K_EX-10.1_11139603_EX-10.1_Sponsorship Agreement,FreezeTagInc_20180411_8-K_EX-10_1_11139603_EX-10_1_Sponsorship_Agreement.txt,data/raw/FreezeTagInc_20180411_8-K_EX-10_1_11139603_EX-10_1_Sponsorship_Agreement.txt,26753,4102
80,TELEGLOBEINTERNATIONALHOLDINGSLTD_03_29_2004-EX-10.10-CONSTRUCTION AND MAINTENANCE AGREEMENT,TELEGLOBEINTERNATIONALHOLDINGSLTD_03_29_2004-EX-10_10-CONSTRUCTION_AND_MAINTENANCE_AGREEMENT.txt,data/raw/TELEGLOBEINTERNATIONALHOLDINGSLTD_03_29_2004-EX-10_10-CONSTRUCTION_AND_MAINTENANCE_AGREEMENT.txt,94266,15095
81,WEBHELPCOMINC_03_22_2000-EX-10.8-HOSTING AGREEMENT,WEBHELPCOMINC_03_22_2000-EX-10_8-HOSTING_AGREEMENT.txt,data/raw/WEBHELPCOMINC_03_22_2000-EX-10_8-HOSTING_AGREEMENT.txt,19257,2955
82,INTERNATIONALFASTFOODCORP_04_04_1997-EX-99-FRANCHISE AGREEMENT,INTERNATIONALFASTFOODCORP_04_04_1997-EX-99-FRANCHISE_AGREEMENT.txt,data/raw/INTERNATIONALFASTFOODCORP_04_04_1997-EX-99-FRANCHISE_AGREEMENT.txt,116873,16157
83,BIOCEPTINC_08_19_2013-EX-10-COLLABORATION AGREEMENT,BIOCEPTINC_08_19_2013-EX-10-COLLABORATION_AGREEMENT.txt,data/raw/BIOCEPTINC_08_19_2013-EX-10-COLLABORATION_AGREEMENT.txt,79052,12142
84,PACIFICSYSTEMSCONTROLTECHNOLOGYINC_08_24_2000-EX-10.53-SPONSORSHIP AGREEMENT,PACIFICSYSTEMSCONTROLTECHNOLOGYINC_08_24_2000-EX-10_53-SPONSORSHIP_AGREEMENT.txt,data/raw/PACIFICSYSTEMSCONTROLTECHNOLOGYINC_08_24_2000-EX-10_53-SPONSORSHIP_AGREEMENT.txt,4066,682
85,NANOPHASETECHNOLOGIESCORP_11_01_2005-EX-99.1-DISTRIBUTOR AGREEMENT,NANOPHASETECHNOLOGIESCORP_11_01_2005-EX-99_1-DISTRIBUTOR_AGREEMENT.txt,data/raw/NANOPHASETECHNOLOGIESCORP_11_01_2005-EX-99_1-DISTRIBUTOR_AGREEMENT.txt,48612,7663
86,AzulSa_20170303_F-1A_EX-10.3_9943903_EX-10.3_Maintenance Agreement1,AzulSa_20170303_F-1A_EX-10_3_9943903_EX-10_3_Maintenance_Agreement1.txt,data/raw/AzulSa_20170303_F-1A_EX-10_3_9943903_EX-10_3_Maintenance_Agreement1.txt,233248,34155
87,PelicanDeliversInc_20200211_S-1_EX-10.3_11975895_EX-10.3_Development Agreement2,PelicanDeliversInc_20200211_S-1_EX-10_3_11975895_EX-10_3_Development_Agreement2.txt,data/raw/PelicanDeliversInc_20200211_S-1_EX-10_3_11975895_EX-10_3_Development_Agreement2.txt,32093,4870
88,"NETGEAR,INC_04_21_2003-EX-10.16-AMENDMENT TO THE DISTRIBUTOR AGREEMENT BETWEEN INGRAM MICRO AND NETGEAR",NETGEAR_INC_04_21_2003-EX-10_16-AMENDMENT_TO_THE_DISTRIBUTOR_AGREEMENT_BETWEEN_INGRAM_MICRO_AND_NETGEAR.txt,data/raw/NETGEAR_INC_04_21_2003-EX-10_16-AMENDMENT_TO_THE_DISTRIBUTOR_AGREEMENT_BETWEEN_INGRAM_MICRO_AND_NETGEAR.txt,8113,973
89,NEONSYSTEMSINC_03_01_1999-EX-10.5-DISTRIBUTOR AGREEMENT_Amendment,NEONSYSTEMSINC_03_01_1999-EX-10_5-DISTRIBUTOR_AGREEMENT_Amendment.txt,data/raw/NEONSYSTEMSINC_03_01_1999-EX-10_5-DISTRIBUTOR_AGREEMENT_Amendment.txt,21994,2848
90,"Columbia Laboratories, (Bermuda) Ltd. - AMEND NO. 2 TO MANUFACTURING AND SUPPLY AGREEMENT",Columbia_Laboratories___Bermuda__Ltd__-_AMEND_NO__2_TO_MANUFACTURING_AND_SUPPLY_AGREEMENT.txt,data/raw/Columbia_Laboratories___Bermuda__Ltd__-_AMEND_NO__2_TO_MANUFACTURING_AND_SUPPLY_AGREEMENT.txt,45846,7145
91,SPARKLINGSPRINGWATERHOLDINGSLTD_07_03_2002-EX-10.13-SOFTWARE LICENSE AND MAINTENANCE AGREEMENT,SPARKLINGSPRINGWATERHOLDINGSLTD_07_03_2002-EX-10_13-SOFTWARE_LICENSE_AND_MAINTENANCE_AGREEMENT.txt,data/raw/SPARKLINGSPRINGWATERHOLDINGSLTD_07_03_2002-EX-10_13-SOFTWARE_LICENSE_AND_MAINTENANCE_AGREEMENT.txt,27714,3885
92,N2KINC_10_16_1997-EX-10.16-SPONSORSHIP AGREEMENT,N2KINC_10_16_1997-EX-10_16-SPONSORSHIP_AGREEMENT.txt,data/raw/N2KINC_10_16_1997-EX-10_16-SPONSORSHIP_AGREEMENT.txt,49518,5558
93,NUVEEN - REMARKETING AGREEMENT,NUVEEN_-_REMARKETING_AGREEMENT.txt,data/raw/NUVEEN_-_REMARKETING_AGREEMENT.txt,70631,11298
94,ArconicRolledProductsCorp_20191217_10-12B_EX-2.7_11923804_EX-2.7_Trademark License Agreement,ArconicRolledProductsCorp_20191217_10-12B_EX-2_7_11923804_EX-2_7_Trademark_License_Agreement.txt,data/raw/ArconicRolledProductsCorp_20191217_10-12B_EX-2_7_11923804_EX-2_7_Trademark_License_Agreement.txt,18069,2828
95,SECURIANFUNDSTRUST_05_01_2012-EX-99.28.H.9-NET INVESTMENT INCOME MAINTENANCE AGREEMENT,SECURIANFUNDSTRUST_05_01_2012-EX-99_28_H_9-NET_INVESTMENT_INCOME_MAINTENANCE_AGREEMENT.txt,data/raw/SECURIANFUNDSTRUST_05_01_2012-EX-99_28_H_9-NET_INVESTMENT_INCOME_MAINTENANCE_AGREEMENT.txt,9700,1538
96,WELLSFARGOMORTGAGEBACKEDSECURITIES2006-6TRUST_05_11_2006-EX-10.3-Yield Maintenance Agreement,WELLSFARGOMORTGAGEBACKEDSECURITIES2006-6TRUST_05_11_2006-EX-10_3-Yield_Maintenance_Agreement.txt,data/raw/WELLSFARGOMORTGAGEBACKEDSECURITIES2006-6TRUST_05_11_2006-EX-10_3-Yield_Maintenance_Agreement.txt,37683,5299
97,REWALKROBOTICSLTD_07_10_2014-EX-10.2-STRATEGIC ALLIANCE AGREEMENT,REWALKROBOTICSLTD_07_10_2014-EX-10_2-STRATEGIC_ALLIANCE_AGREEMENT.txt,data/raw/REWALKROBOTICSLTD_07_10_2014-EX-10_2-STRATEGIC_ALLIANCE_AGREEMENT.txt,14979,2320
98,PenntexMidstreamPartnersLp_20150416_S-1A_EX-10.4_9042833_EX-10.4_Transportation Agreement,PenntexMidstreamPartnersLp_20150416_S-1A_EX-10_4_9042833_EX-10_4_Transportation_Agreement.txt,data/raw/PenntexMidstreamPartnersLp_20150416_S-1A_EX-10_4_9042833_EX-10_4_Transportation_Agreement.txt,52008,7965
99,FerroglobePlc_20150624_F-4A_EX-10.20_9154746_EX-10.20_Outsourcing Agreement,FerroglobePlc_20150624_F-4A_EX-10_20_9154746_EX-10_20_Outsourcing_Agreement.txt,data/raw/FerroglobePlc_20150624_F-4A_EX-10_20_9154746_EX-10_20_Outsourcing_Agreement.txt,30309,4627
100,TodosMedicalLtd_20190328_20-F_EX-4.10_11587157_EX-4.10_Marketing Agreement_ Reseller Agreement,TodosMedicalLtd_20190328_20-F_EX-4_10_11587157_EX-4_10_Marketing_Agreement__Reseller_Agreement.txt,data/raw/TodosMedicalLtd_20190328_20-F_EX-4_10_11587157_EX-4_10_Marketing_Agreement__Reseller_Agreement.txt,32321,5066
101,PrecheckHealthServicesInc_20200320_8-K_EX-99.2_12070169_EX-99.2_Distributor Agreement,PrecheckHealthServicesInc_20200320_8-K_EX-99_2_12070169_EX-99_2_Distributor_Agreement.txt,data/raw/PrecheckHealthServicesInc_20200320_8-K_EX-99_2_12070169_EX-99_2_Distributor_Agreement.txt,6320,970
102,INKTOMICORP_06_08_1998-EX-10.14-SOFTWARE HOSTING AGREEMENT,INKTOMICORP_06_08_1998-EX-10_14-SOFTWARE_HOSTING_AGREEMENT.txt,data/raw/INKTOMICORP_06_08_1998-EX-10_14-SOFTWARE_HOSTING_AGREEMENT.txt,70664,9916
103,"OAKTREECAPITALGROUP,LLC_03_02_2020-EX-10.8-Services Agreement",OAKTREECAPITALGROUP_LLC_03_02_2020-EX-10_8-Services_Agreement.txt,data/raw/OAKTREECAPITALGROUP_LLC_03_02_2020-EX-10_8-Services_Agreement.txt,20133,3194
104,BANGIINC_05_25_2005-EX-10-Premium Managed Hosting Agreement,BANGIINC_05_25_2005-EX-10-Premium_Managed_Hosting_Agreement.txt,data/raw/BANGIINC_05_25_2005-EX-10-Premium_Managed_Hosting_Agreement.txt,2010,302
105,AMERICANPHYSICIANSCAPITALINC_03_31_2003-EX-10.26-AGENCY AGREEMENT,AMERICANPHYSICIANSCAPITALINC_03_31_2003-EX-10_26-AGENCY_AGREEMENT.txt,data/raw/AMERICANPHYSICIANSCAPITALINC_03_31_2003-EX-10_26-AGENCY_AGREEMENT.txt,23999,2901
106,GULFSOUTHMEDICALSUPPLYINC_12_24_1997-EX-4-AFFILIATE AGREEMENT,GULFSOUTHMEDICALSUPPLYINC_12_24_1997-EX-4-AFFILIATE_AGREEMENT.txt,data/raw/GULFSOUTHMEDICALSUPPLYINC_12_24_1997-EX-4-AFFILIATE_AGREEMENT.txt,27015,2765
107,"BELLRINGBRANDS,INC_02_07_2020-EX-10.18-MASTER SUPPLY AGREEMENT",BELLRINGBRANDS_INC_02_07_2020-EX-10_18-MASTER_SUPPLY_AGREEMENT.txt,data/raw/BELLRINGBRANDS_INC_02_07_2020-EX-10_18-MASTER_SUPPLY_AGREEMENT.txt,37876,5813
108,AimmuneTherapeuticsInc_20200205_8-K_EX-10.3_11967170_EX-10.3_Development Agreement,AimmuneTherapeuticsInc_20200205_8-K_EX-10_3_11967170_EX-10_3_Development_Agreement.txt,data/raw/AimmuneTherapeuticsInc_20200205_8-K_EX-10_3_11967170_EX-10_3_Development_Agreement.txt,167973,25298
109,HEALTHGATEDATACORP_11_24_1999-EX-10.1-HOSTING AND MANAGEMENT AGREEMENT (1),HEALTHGATEDATACORP_11_24_1999-EX-10_1-HOSTING_AND_MANAGEMENT_AGREEMENT__1_.txt,data/raw/HEALTHGATEDATACORP_11_24_1999-EX-10_1-HOSTING_AND_MANAGEMENT_AGREEMENT__1_.txt,148691,17975
110,"INTELLIGENTHIGHWAYSOLUTIONS,INC_01_18_2018-EX-10.1-Strategic Alliance Agreement",INTELLIGENTHIGHWAYSOLUTIONS_INC_01_18_2018-EX-10_1-Strategic_Alliance_Agreement.txt,data/raw/INTELLIGENTHIGHWAYSOLUTIONS_INC_01_18_2018-EX-10_1-Strategic_Alliance_Agreement.txt,8288,1217
111,ATMOSENERGYCORP_11_22_2002-EX-10.17-TRANSPORTATION SERVICE AGREEMENT,ATMOSENERGYCORP_11_22_2002-EX-10_17-TRANSPORTATION_SERVICE_AGREEMENT.txt,data/raw/ATMOSENERGYCORP_11_22_2002-EX-10_17-TRANSPORTATION_SERVICE_AGREEMENT.txt,24151,2588
112,PacificapEntertainmentHoldingsInc_20051115_8-KA_EX-1.01_4300894_EX-1.01_Content License Agreement,PacificapEntertainmentHoldingsInc_20051115_8-KA_EX-1_01_4300894_EX-1_01_Content_License_Agreement.txt,data/raw/PacificapEntertainmentHoldingsInc_20051115_8-KA_EX-1_01_4300894_EX-1_01_Content_License_Agreement.txt,18138,2500
113,ReedsInc_20191113_10-Q_EX-10.4_11888303_EX-10.4_Development Agreement,ReedsInc_20191113_10-Q_EX-10_4_11888303_EX-10_4_Development_Agreement.txt,data/raw/ReedsInc_20191113_10-Q_EX-10_4_11888303_EX-10_4_Development_Agreement.txt,28331,4301
114,RgcResourcesInc_20151216_8-K_EX-10.3_9372751_EX-10.3_Franchise Agreement,RgcResourcesInc_20151216_8-K_EX-10_3_9372751_EX-10_3_Franchise_Agreement.txt,data/raw/RgcResourcesInc_20151216_8-K_EX-10_3_9372751_EX-10_3_Franchise_Agreement.txt,5171,805
115,"BELLICUMPHARMACEUTICALS,INC_05_07_2019-EX-10.1-Supply Agreement",BELLICUMPHARMACEUTICALS_INC_05_07_2019-EX-10_1-Supply_Agreement.txt,data/raw/BELLICUMPHARMACEUTICALS_INC_05_07_2019-EX-10_1-Supply_Agreement.txt,188674,28275
116,MARTINMIDSTREAMPARTNERSLP_01_23_2004-EX-10.3-TRANSPORTATION SERVICES AGREEMENT,MARTINMIDSTREAMPARTNERSLP_01_23_2004-EX-10_3-TRANSPORTATION_SERVICES_AGREEMENT.txt,data/raw/MARTINMIDSTREAMPARTNERSLP_01_23_2004-EX-10_3-TRANSPORTATION_SERVICES_AGREEMENT.txt,13995,2175
117,RUBIOSRESTAURANTSINC_03_31_2008-EX-10.75-SPONSORSHIP AGREEMENT,RUBIOSRESTAURANTSINC_03_31_2008-EX-10_75-SPONSORSHIP_AGREEMENT.txt,data/raw/RUBIOSRESTAURANTSINC_03_31_2008-EX-10_75-SPONSORSHIP_AGREEMENT.txt,37103,5760
118,CardlyticsInc_20180112_S-1_EX-10.16_11002987_EX-10.16_Maintenance Agreement2,CardlyticsInc_20180112_S-1_EX-10_16_11002987_EX-10_16_Maintenance_Agreement2.txt,data/raw/CardlyticsInc_20180112_S-1_EX-10_16_11002987_EX-10_16_Maintenance_Agreement2.txt,2819,387
119,"XLITECHNOLOGIES,INC_12_11_2015-EX-10.1-Sponsorship Agreement",XLITECHNOLOGIES_INC_12_11_2015-EX-10_1-Sponsorship_Agreement.txt,data/raw/XLITECHNOLOGIES_INC_12_11_2015-EX-10_1-Sponsorship_Agreement.txt,18240,2851
120,ScansourceInc_20190822_10-K_EX-10.38_11793958_EX-10.38_Distributor Agreement2,ScansourceInc_20190822_10-K_EX-10_38_11793958_EX-10_38_Distributor_Agreement2.txt,data/raw/ScansourceInc_20190822_10-K_EX-10_38_11793958_EX-10_38_Distributor_Agreement2.txt,13330,2044
121,VERTEXENERGYINC_08_14_2014-EX-10.24-OPERATION AND MAINTENANCE AGREEMENT,VERTEXENERGYINC_08_14_2014-EX-10_24-OPERATION_AND_MAINTENANCE_AGREEMENT.txt,data/raw/VERTEXENERGYINC_08_14_2014-EX-10_24-OPERATION_AND_MAINTENANCE_AGREEMENT.txt,57254,8601
122,NYLIACVARIABLEANNUITYSEPARATEACCOUNTIII_04_10_2020-EX-99.8.KK-SERVICE AGREEMENT,NYLIACVARIABLEANNUITYSEPARATEACCOUNTIII_04_10_2020-EX-99_8_KK-SERVICE_AGREEMENT.txt,data/raw/NYLIACVARIABLEANNUITYSEPARATEACCOUNTIII_04_10_2020-EX-99_8_KK-SERVICE_AGREEMENT.txt,6840,1072
123,STWRESOURCESHOLDINGCORP_08_06_2014-EX-10.1-COOPERATION AGREEMENT,STWRESOURCESHOLDINGCORP_08_06_2014-EX-10_1-COOPERATION_AGREEMENT.txt,data/raw/STWRESOURCESHOLDINGCORP_08_06_2014-EX-10_1-COOPERATION_AGREEMENT.txt,27721,4448
124,AlliedEsportsEntertainmentInc_20190815_8-K_EX-10.34_11788308_EX-10.34_Sponsorship Agreement,AlliedEsportsEntertainmentInc_20190815_8-K_EX-10_34_11788308_EX-10_34_Sponsorship_Agreement.txt,data/raw/AlliedEsportsEntertainmentInc_20190815_8-K_EX-10_34_11788308_EX-10_34_Sponsorship_Agreement.txt,37796,5852
125,SLOVAKWIRELESSFINANCECOBV_03_28_2001-EX-4.(B)(II).3-Maintenance and support contract for SICAP(R) modules,SLOVAKWIRELESSFINANCECOBV_03_28_2001-EX-4__B__II__3-Maintenance_and_support_contract_for_SICAP_R__modules.txt,data/raw/SLOVAKWIRELESSFINANCECOBV_03_28_2001-EX-4__B__II__3-Maintenance_and_support_contract_for_SICAP_R__modules.txt,33577,3435
126,ANIXABIOSCIENCESINC_06_09_2020-EX-10.1-COLLABORATION AGREEMENT,ANIXABIOSCIENCESINC_06_09_2020-EX-10_1-COLLABORATION_AGREEMENT.txt,data/raw/ANIXABIOSCIENCESINC_06_09_2020-EX-10_1-COLLABORATION_AGREEMENT.txt,40519,6178
127,"ELFBEAUTY,INC_07_02_2020-EX-10.1-COOPERATION AGREEMENT",ELFBEAUTY_INC_07_02_2020-EX-10_1-COOPERATION_AGREEMENT.txt,data/raw/ELFBEAUTY_INC_07_02_2020-EX-10_1-COOPERATION_AGREEMENT.txt,45484,7265
128,HarpoonTherapeuticsInc_20200312_10-K_EX-10.18_12051356_EX-10.18_Development Agreement,HarpoonTherapeuticsInc_20200312_10-K_EX-10_18_12051356_EX-10_18_Development_Agreement.txt,data/raw/HarpoonTherapeuticsInc_20200312_10-K_EX-10_18_12051356_EX-10_18_Development_Agreement.txt,249551,38518
129,DigitalCinemaDestinationsCorp_20111220_S-1_EX-10.10_7346719_EX-10.10_Affiliate Agreement,DigitalCinemaDestinationsCorp_20111220_S-1_EX-10_10_7346719_EX-10_10_Affiliate_Agreement.txt,data/raw/DigitalCinemaDestinationsCorp_20111220_S-1_EX-10_10_7346719_EX-10_10_Affiliate_Agreement.txt,109014,16673
130,VERTICALNETINC_04_01_2002-EX-10.19-MAINTENANCE AND SUPPORT AGREEMENT,VERTICALNETINC_04_01_2002-EX-10_19-MAINTENANCE_AND_SUPPORT_AGREEMENT.txt,data/raw/VERTICALNETINC_04_01_2002-EX-10_19-MAINTENANCE_AND_SUPPORT_AGREEMENT.txt,78033,10705
131,TcPipelinesLp_20160226_10-K_EX-99.12_9454048_EX-99.12_Transportation Agreement,TcPipelinesLp_20160226_10-K_EX-99_12_9454048_EX-99_12_Transportation_Agreement.txt,data/raw/TcPipelinesLp_20160226_10-K_EX-99_12_9454048_EX-99_12_Transportation_Agreement.txt,6088,916
132,HUBEIMINKANGPHARMACEUTICALLTD_09_19_2006-EX-10.1-OUTSOURCING AGREEMENT,HUBEIMINKANGPHARMACEUTICALLTD_09_19_2006-EX-10_1-OUTSOURCING_AGREEMENT.txt,data/raw/HUBEIMINKANGPHARMACEUTICALLTD_09_19_2006-EX-10_1-OUTSOURCING_AGREEMENT.txt,11322,1836
133,CardlyticsInc_20180112_S-1_EX-10.16_11002987_EX-10.16_Maintenance Agreement3,CardlyticsInc_20180112_S-1_EX-10_16_11002987_EX-10_16_Maintenance_Agreement3.txt,data/raw/CardlyticsInc_20180112_S-1_EX-10_16_11002987_EX-10_16_Maintenance_Agreement3.txt,1707,251
134,ACCURAYINC_09_01_2010-EX-10.31-DISTRIBUTOR AGREEMENT,ACCURAYINC_09_01_2010-EX-10_31-DISTRIBUTOR_AGREEMENT.txt,data/raw/ACCURAYINC_09_01_2010-EX-10_31-DISTRIBUTOR_AGREEMENT.txt,89484,13349
135,"MIDDLEBROOKPHARMACEUTICALS,INC_03_18_2010-EX-10.1-PROMOTION AGREEMENT",MIDDLEBROOKPHARMACEUTICALS_INC_03_18_2010-EX-10_1-PROMOTION_AGREEMENT.txt,data/raw/MIDDLEBROOKPHARMACEUTICALS_INC_03_18_2010-EX-10_1-PROMOTION_AGREEMENT.txt,57646,8879
136,AIRSPANNETWORKSINC_04_11_2000-EX-10.5-Distributor Agreement,AIRSPANNETWORKSINC_04_11_2000-EX-10_5-Distributor_Agreement.txt,data/raw/AIRSPANNETWORKSINC_04_11_2000-EX-10_5-Distributor_Agreement.txt,70444,10292
137,ArcGroupInc_20171211_8-K_EX-10.1_10976103_EX-10.1_Sponsorship Agreement,ArcGroupInc_20171211_8-K_EX-10_1_10976103_EX-10_1_Sponsorship_Agreement.txt,data/raw/ArcGroupInc_20171211_8-K_EX-10_1_10976103_EX-10_1_Sponsorship_Agreement.txt,16773,2622
138,AtnInternationalInc_20191108_10-Q_EX-10.1_11878541_EX-10.1_Maintenance Agreement,AtnInternationalInc_20191108_10-Q_EX-10_1_11878541_EX-10_1_Maintenance_Agreement.txt,data/raw/AtnInternationalInc_20191108_10-Q_EX-10_1_11878541_EX-10_1_Maintenance_Agreement.txt,228943,34973
139,"SightLife Surgical, Inc. - STRATEGIC SALES _ MARKETING AGREEMENT",SightLife_Surgical__Inc__-_STRATEGIC_SALES___MARKETING_AGREEMENT.txt,data/raw/SightLife_Surgical__Inc__-_STRATEGIC_SALES___MARKETING_AGREEMENT.txt,23895,3604
140,InmodeLtd_20190729_F-1A_EX-10.9_11743243_EX-10.9_Manufacturing Agreement,InmodeLtd_20190729_F-1A_EX-10_9_11743243_EX-10_9_Manufacturing_Agreement.txt,data/raw/InmodeLtd_20190729_F-1A_EX-10_9_11743243_EX-10_9_Manufacturing_Agreement.txt,39588,6122
141,GRANTIERRAENERGYINC_05_07_2012-EX-10.6-TRANSPORTATION CONTRACT,GRANTIERRAENERGYINC_05_07_2012-EX-10_6-TRANSPORTATION_CONTRACT.txt,data/raw/GRANTIERRAENERGYINC_05_07_2012-EX-10_6-TRANSPORTATION_CONTRACT.txt,229670,35339
142,"VIVINT SOLAR, INC. - NON-COMPETITION AGREEMENT",VIVINT_SOLAR__INC__-_NON-COMPETITION_AGREEMENT.txt,data/raw/VIVINT_SOLAR__INC__-_NON-COMPETITION_AGREEMENT.txt,3493,506
143,FUSIONPHARMACEUTICALSINC_06_05_2020-EX-10.17-Supply Agreement - FUSION,FUSIONPHARMACEUTICALSINC_06_05_2020-EX-10_17-Supply_Agreement_-_FUSION.txt,data/raw/FUSIONPHARMACEUTICALSINC_06_05_2020-EX-10_17-Supply_Agreement_-_FUSION.txt,40597,6318
144,CHIPMOSTECHNOLOGIESBERMUDALTD_04_18_2016-EX-4.72-Strategic Alliance Agreement,CHIPMOSTECHNOLOGIESBERMUDALTD_04_18_2016-EX-4_72-Strategic_Alliance_Agreement.txt,data/raw/CHIPMOSTECHNOLOGIESBERMUDALTD_04_18_2016-EX-4_72-Strategic_Alliance_Agreement.txt,13506,2026
145,URSCORPNEW_03_17_2014-EX-99-COOPERATION AGREEMENT,URSCORPNEW_03_17_2014-EX-99-COOPERATION_AGREEMENT.txt,data/raw/URSCORPNEW_03_17_2014-EX-99-COOPERATION_AGREEMENT.txt,37211,6004
146,GpaqAcquisitionHoldingsInc_20200123_S-4A_EX-10.6_11951677_EX-10.6_License Agreement,GpaqAcquisitionHoldingsInc_20200123_S-4A_EX-10_6_11951677_EX-10_6_License_Agreement.txt,data/raw/GpaqAcquisitionHoldingsInc_20200123_S-4A_EX-10_6_11951677_EX-10_6_License_Agreement.txt,45234,7187
147,SalesforcecomInc_20171122_10-Q_EX-10.1_10961535_EX-10.1_Reseller Agreement,SalesforcecomInc_20171122_10-Q_EX-10_1_10961535_EX-10_1_Reseller_Agreement.txt,data/raw/SalesforcecomInc_20171122_10-Q_EX-10_1_10961535_EX-10_1_Reseller_Agreement.txt,2935,435
148,SLINGERBAGINC_05_27_2020-EX-10.7-CONSULTING AGREEMENT,SLINGERBAGINC_05_27_2020-EX-10_7-CONSULTING_AGREEMENT.txt,data/raw/SLINGERBAGINC_05_27_2020-EX-10_7-CONSULTING_AGREEMENT.txt,33425,5346
149,RitterPharmaceuticalsInc_20200313_S-4A_EX-10.54_12055220_EX-10.54_Development Agreement,RitterPharmaceuticalsInc_20200313_S-4A_EX-10_54_12055220_EX-10_54_Development_Agreement.txt,data/raw/RitterPharmaceuticalsInc_20200313_S-4A_EX-10_54_12055220_EX-10_54_Development_Agreement.txt,122688,18871
150,IGENEBIOTECHNOLOGYINC_05_13_2003-EX-1-JOINT VENTURE AGREEMENT,IGENEBIOTECHNOLOGYINC_05_13_2003-EX-1-JOINT_VENTURE_AGREEMENT.txt,data/raw/IGENEBIOTECHNOLOGYINC_05_13_2003-EX-1-JOINT_VENTURE_AGREEMENT.txt,70625,11330
151,ENERGYXXILTD_05_08_2015-EX-10.13-Transportation AGREEMENT,ENERGYXXILTD_05_08_2015-EX-10_13-Transportation_AGREEMENT.txt,data/raw/ENERGYXXILTD_05_08_2015-EX-10_13-Transportation_AGREEMENT.txt,60982,9243
152,EtonPharmaceuticalsInc_20191114_10-Q_EX-10.1_11893941_EX-10.1_Development Agreement,EtonPharmaceuticalsInc_20191114_10-Q_EX-10_1_11893941_EX-10_1_Development_Agreement.txt,data/raw/EtonPharmaceuticalsInc_20191114_10-Q_EX-10_1_11893941_EX-10_1_Development_Agreement.txt,65651,10256
153,ScansourceInc_20190822_10-K_EX-10.38_11793958_EX-10.38_Distributor Agreement1,ScansourceInc_20190822_10-K_EX-10_38_11793958_EX-10_38_Distributor_Agreement1.txt,data/raw/ScansourceInc_20190822_10-K_EX-10_38_11793958_EX-10_38_Distributor_Agreement1.txt,84384,12904
154,CardlyticsInc_20180112_S-1_EX-10.16_11002987_EX-10.16_Maintenance Agreement1,CardlyticsInc_20180112_S-1_EX-10_16_11002987_EX-10_16_Maintenance_Agreement1.txt,data/raw/CardlyticsInc_20180112_S-1_EX-10_16_11002987_EX-10_16_Maintenance_Agreement1.txt,165322,25087
155,"NETGEAR,INC_04_21_2003-EX-10.16-DISTRIBUTOR AGREEMENT",NETGEAR_INC_04_21_2003-EX-10_16-DISTRIBUTOR_AGREEMENT.txt,data/raw/NETGEAR_INC_04_21_2003-EX-10_16-DISTRIBUTOR_AGREEMENT.txt,41501,6029
156,EcoScienceSolutionsInc_20171117_8-K_EX-10.1_10956472_EX-10.1_Endorsement Agreement,EcoScienceSolutionsInc_20171117_8-K_EX-10_1_10956472_EX-10_1_Endorsement_Agreement.txt,data/raw/EcoScienceSolutionsInc_20171117_8-K_EX-10_1_10956472_EX-10_1_Endorsement_Agreement.txt,18104,2843
157,AMERICASSHOPPINGMALLINC_12_10_1999-EX-10.2-SITE DEVELOPMENT AND HOSTING AGREEMENT,AMERICASSHOPPINGMALLINC_12_10_1999-EX-10_2-SITE_DEVELOPMENT_AND_HOSTING_AGREEMENT.txt,data/raw/AMERICASSHOPPINGMALLINC_12_10_1999-EX-10_2-SITE_DEVELOPMENT_AND_HOSTING_AGREEMENT.txt,19351,2892
158,DataCallTechnologies_20060918_SB-2A_EX-10.9_944510_EX-10.9_Content License Agreement,DataCallTechnologies_20060918_SB-2A_EX-10_9_944510_EX-10_9_Content_License_Agreement.txt,data/raw/DataCallTechnologies_20060918_SB-2A_EX-10_9_944510_EX-10_9_Content_License_Agreement.txt,14171,1666
159,JINGWEIINTERNATIONALLTD_10_04_2007-EX-10.7-INTELLECTUAL PROPERTY AGREEMENT,JINGWEIINTERNATIONALLTD_10_04_2007-EX-10_7-INTELLECTUAL_PROPERTY_AGREEMENT.txt,data/raw/JINGWEIINTERNATIONALLTD_10_04_2007-EX-10_7-INTELLECTUAL_PROPERTY_AGREEMENT.txt,15298,2356
160,FEDERATEDGOVERNMENTINCOMESECURITIESINC_04_28_2020-EX-99.SERV AGREE-SERVICES AGREEMENT,FEDERATEDGOVERNMENTINCOMESECURITIESINC_04_28_2020-EX-99_SERV_AGREE-SERVICES_AGREEMENT.txt,data/raw/FEDERATEDGOVERNMENTINCOMESECURITIESINC_04_28_2020-EX-99_SERV_AGREE-SERVICES_AGREEMENT.txt,11043,1762
161,AMBASSADOREYEWEARGROUPINC_11_17_1997-EX-10.28-ENDORSEMENT AGREEMENT,AMBASSADOREYEWEARGROUPINC_11_17_1997-EX-10_28-ENDORSEMENT_AGREEMENT.txt,data/raw/AMBASSADOREYEWEARGROUPINC_11_17_1997-EX-10_28-ENDORSEMENT_AGREEMENT.txt,39727,5780
162,MRSFIELDSORIGINALCOOKIESINC_01_29_1998-EX-10-FRANCHISE AGREEMENT,MRSFIELDSORIGINALCOOKIESINC_01_29_1998-EX-10-FRANCHISE_AGREEMENT.txt,data/raw/MRSFIELDSORIGINALCOOKIESINC_01_29_1998-EX-10-FRANCHISE_AGREEMENT.txt,249359,33705
163,PalmerSquareCapitalBdcInc_20200116_10-12GA_EX-10.6_11949289_EX-10.6_Trademark License Agreement,PalmerSquareCapitalBdcInc_20200116_10-12GA_EX-10_6_11949289_EX-10_6_Trademark_License_Agreement.txt,data/raw/PalmerSquareCapitalBdcInc_20200116_10-12GA_EX-10_6_11949289_EX-10_6_Trademark_License_Agreement.txt,14764,2306
164,LUCIDINC_04_15_2011-EX-10.9-DISTRIBUTOR AGREEMENT,LUCIDINC_04_15_2011-EX-10_9-DISTRIBUTOR_AGREEMENT.txt,data/raw/LUCIDINC_04_15_2011-EX-10_9-DISTRIBUTOR_AGREEMENT.txt,15540,2351
165,UsioInc_20040428_SB-2_EX-10.11_1723988_EX-10.11_Affiliate Agreement 2,UsioInc_20040428_SB-2_EX-10_11_1723988_EX-10_11_Affiliate_Agreement_2.txt,data/raw/UsioInc_20040428_SB-2_EX-10_11_1723988_EX-10_11_Affiliate_Agreement_2.txt,26115,3740
166,EmmisCommunicationsCorp_20191125_8-K_EX-10.6_11906433_EX-10.6_Marketing Agreement,EmmisCommunicationsCorp_20191125_8-K_EX-10_6_11906433_EX-10_6_Marketing_Agreement.txt,data/raw/EmmisCommunicationsCorp_20191125_8-K_EX-10_6_11906433_EX-10_6_Marketing_Agreement.txt,17300,2709
167,ENTERTAINMENTGAMINGASIAINC_02_15_2005-EX-10.5-DISTRIBUTOR AGREEMENT,ENTERTAINMENTGAMINGASIAINC_02_15_2005-EX-10_5-DISTRIBUTOR_AGREEMENT.txt,data/raw/ENTERTAINMENTGAMINGASIAINC_02_15_2005-EX-10_5-DISTRIBUTOR_AGREEMENT.txt,44702,6920
168,"Magenta Therapeutics, Inc. - Master Development and Manufacturing Agreement",Magenta_Therapeutics__Inc__-_Master_Development_and_Manufacturing_Agreement.txt,data/raw/Magenta_Therapeutics__Inc__-_Master_Development_and_Manufacturing_Agreement.txt,73598,11308
169,"GRIDIRONBIONUTRIENTS,INC_02_05_2020-EX-10.3-SUPPLY AGREEMENT",GRIDIRONBIONUTRIENTS_INC_02_05_2020-EX-10_3-SUPPLY_AGREEMENT.txt,data/raw/GRIDIRONBIONUTRIENTS_INC_02_05_2020-EX-10_3-SUPPLY_AGREEMENT.txt,5713,903
170,PapaJohnsInternationalInc_20190617_8-K_EX-10.1_11707365_EX-10.1_Endorsement Agreement,PapaJohnsInternationalInc_20190617_8-K_EX-10_1_11707365_EX-10_1_Endorsement_Agreement.txt,data/raw/PapaJohnsInternationalInc_20190617_8-K_EX-10_1_11707365_EX-10_1_Endorsement_Agreement.txt,68204,10661
171,SUMMAFOURINC_06_19_1998-EX-10.3-SOFTWARE LICENSE AND MAINTENANCE AGREEMENT,SUMMAFOURINC_06_19_1998-EX-10_3-SOFTWARE_LICENSE_AND_MAINTENANCE_AGREEMENT.txt,data/raw/SUMMAFOURINC_06_19_1998-EX-10_3-SOFTWARE_LICENSE_AND_MAINTENANCE_AGREEMENT.txt,117803,14158
172,MACROGENICSINC_08_02_2013-EX-10-COLLABORATION AGREEMENT,MACROGENICSINC_08_02_2013-EX-10-COLLABORATION_AGREEMENT.txt,data/raw/MACROGENICSINC_08_02_2013-EX-10-COLLABORATION_AGREEMENT.txt,163199,25333
173,GSVINC_05_15_1998-EX-10-SPONSORSHIP AGREEMENT,GSVINC_05_15_1998-EX-10-SPONSORSHIP_AGREEMENT.txt,data/raw/GSVINC_05_15_1998-EX-10-SPONSORSHIP_AGREEMENT.txt,50835,5880
174,MorganStanleyDirectLendingFund_20191119_10-12GA_EX-10.5_11898508_EX-10.5_Trademark License Agreement,MorganStanleyDirectLendingFund_20191119_10-12GA_EX-10_5_11898508_EX-10_5_Trademark_License_Agreement.txt,data/raw/MorganStanleyDirectLendingFund_20191119_10-12GA_EX-10_5_11898508_EX-10_5_Trademark_License_Agreement.txt,16153,2438
175,ELANDIAINTERNATIONALINC_04_25_2007-EX-10.21-Outsourcing Agreement,ELANDIAINTERNATIONALINC_04_25_2007-EX-10_21-Outsourcing_Agreement.txt,data/raw/ELANDIAINTERNATIONALINC_04_25_2007-EX-10_21-Outsourcing_Agreement.txt,82889,12396
176,PareteumCorp_20081001_8-K_EX-99.1_2654808_EX-99.1_Hosting Agreement,PareteumCorp_20081001_8-K_EX-99_1_2654808_EX-99_1_Hosting_Agreement.txt,data/raw/PareteumCorp_20081001_8-K_EX-99_1_2654808_EX-99_1_Hosting_Agreement.txt,66253,10213
177,PhasebioPharmaceuticalsInc_20200330_10-K_EX-10.21_12086810_EX-10.21_Development Agreement,PhasebioPharmaceuticalsInc_20200330_10-K_EX-10_21_12086810_EX-10_21_Development_Agreement.txt,data/raw/PhasebioPharmaceuticalsInc_20200330_10-K_EX-10_21_12086810_EX-10_21_Development_Agreement.txt,291873,45650
178,USASYNTHETICFUELCORP_10_21_2010-EX-10.10-STRATEGIC ALLIANCE AGREEMENT,USASYNTHETICFUELCORP_10_21_2010-EX-10_10-STRATEGIC_ALLIANCE_AGREEMENT.txt,data/raw/USASYNTHETICFUELCORP_10_21_2010-EX-10_10-STRATEGIC_ALLIANCE_AGREEMENT.txt,52252,8033
179,"KUBIENT,INC_07_02_2020-EX-10.14-MASTER SERVICES AGREEMENT_Part2",KUBIENT_INC_07_02_2020-EX-10_14-MASTER_SERVICES_AGREEMENT_Part2.txt,data/raw/KUBIENT_INC_07_02_2020-EX-10_14-MASTER_SERVICES_AGREEMENT_Part2.txt,7600,1185
180,EdietsComInc_20001030_10QSB_EX-10.4_2606646_EX-10.4_Co-Branding Agreement,EdietsComInc_20001030_10QSB_EX-10_4_2606646_EX-10_4_Co-Branding_Agreement.txt,data/raw/EdietsComInc_20001030_10QSB_EX-10_4_2606646_EX-10_4_Co-Branding_Agreement.txt,64192,9075
181,WESTERN COPPER - NON-COMPETITION AGREEMENT,WESTERN_COPPER_-_NON-COMPETITION_AGREEMENT.txt,data/raw/WESTERN_COPPER_-_NON-COMPETITION_AGREEMENT.txt,16402,2626
182,LECLANCHÉ S.A. - JOINT DEVELOPMENT AND MARKETING AGREEMENT,LECLANCHE__S_A__-_JOINT_DEVELOPMENT_AND_MARKETING_AGREEMENT.txt,data/raw/LECLANCHE__S_A__-_JOINT_DEVELOPMENT_AND_MARKETING_AGREEMENT.txt,20380,3207
183,"HEMISPHERX - Sales, Marketing, Distribution, and Supply Agreement",HEMISPHERX_-_Sales__Marketing__Distribution__and_Supply_Agreement.txt,data/raw/HEMISPHERX_-_Sales__Marketing__Distribution__and_Supply_Agreement.txt,73685,10901
184,CardlyticsInc_20180112_S-1_EX-10.16_11002987_EX-10.16_Maintenance Agreement4,CardlyticsInc_20180112_S-1_EX-10_16_11002987_EX-10_16_Maintenance_Agreement4.txt,data/raw/CardlyticsInc_20180112_S-1_EX-10_16_11002987_EX-10_16_Maintenance_Agreement4.txt,5327,756
185,TomOnlineInc_20060501_20-F_EX-4.46_749700_EX-4.46_Co-Branding Agreement,TomOnlineInc_20060501_20-F_EX-4_46_749700_EX-4_46_Co-Branding_Agreement.txt,data/raw/TomOnlineInc_20060501_20-F_EX-4_46_749700_EX-4_46_Co-Branding_Agreement.txt,112361,17487
186,MphaseTechnologiesInc_20030911_10-K_EX-10.15_1560667_EX-10.15_Co-Branding Agreement,MphaseTechnologiesInc_20030911_10-K_EX-10_15_1560667_EX-10_15_Co-Branding_Agreement.txt,data/raw/MphaseTechnologiesInc_20030911_10-K_EX-10_15_1560667_EX-10_15_Co-Branding_Agreement.txt,8321,1169
187,"CERES,INC_01_25_2012-EX-10.20-Collaboration Agreement",CERES_INC_01_25_2012-EX-10_20-Collaboration_Agreement.txt,data/raw/CERES_INC_01_25_2012-EX-10_20-Collaboration_Agreement.txt,335282,45577
188,"INTERSECTENT,INC_05_11_2020-EX-10.1-SUPPLY AGREEMENT",INTERSECTENT_INC_05_11_2020-EX-10_1-SUPPLY_AGREEMENT.txt,data/raw/INTERSECTENT_INC_05_11_2020-EX-10_1-SUPPLY_AGREEMENT.txt,37970,5973
189,"BABCOCK_WILCOXENTERPRISES,INC_08_04_2015-EX-10.17-INTELLECTUAL PROPERTY AGREEMENT between THE BABCOCK _ WILCOX COMPANY and BABCOCK _ WILCOX ENTERPRISES, INC.",BABCOCK_WILCOXENTERPRISES_INC_08_04_2015-EX-10_17-INTELLECTUAL_PROPERTY_AGREEMENT_between_THE_BABCOCK___WILCOX_COMPANY_and_BABCOCK___WILCOX_ENTERPRISES__INC_.txt,data/raw/BABCOCK_WILCOXENTERPRISES_INC_08_04_2015-EX-10_17-INTELLECTUAL_PROPERTY_AGREEMENT_between_THE_BABCOCK___WILCOX_COMPANY_and_BABCOCK___WILCOX_ENTERPRISES__INC_.txt,112447,16565
190,"TRANSPHORM,INC_02_14_2020-EX-10.12(1)-JOINT VENTURE AGREEMENT",TRANSPHORM_INC_02_14_2020-EX-10_12_1_-JOINT_VENTURE_AGREEMENT.txt,data/raw/TRANSPHORM_INC_02_14_2020-EX-10_12_1_-JOINT_VENTURE_AGREEMENT.txt,95181,15468
191,EuromediaHoldingsCorp_20070215_10SB12G_EX-10.B(01)_525118_EX-10.B(01)_Content License Agreement,EuromediaHoldingsCorp_20070215_10SB12G_EX-10_B_01__525118_EX-10_B_01__Content_License_Agreement.txt,data/raw/EuromediaHoldingsCorp_20070215_10SB12G_EX-10_B_01__525118_EX-10_B_01__Content_License_Agreement.txt,30050,4580
192,"Sonos, Inc. - Manufacturing Agreement ",Sonos__Inc__-_Manufacturing_Agreement_.txt,data/raw/Sonos__Inc__-_Manufacturing_Agreement_.txt,109219,17177
193,"ASHWORTHINC_01_29_1999-EX-10.(D)-PROMOTION AGREEMENT AND NANTZ COMMUNICATIONS, INC.",ASHWORTHINC_01_29_1999-EX-10__D_-PROMOTION_AGREEMENT_AND_NANTZ_COMMUNICATIONS__INC_.txt,data/raw/ASHWORTHINC_01_29_1999-EX-10__D_-PROMOTION_AGREEMENT_AND_NANTZ_COMMUNICATIONS__INC_.txt,24999,3589
194,"VAPOTHERM, INC. - Manufacturing and Supply Agreement",VAPOTHERM__INC__-_Manufacturing_and_Supply_Agreement.txt,data/raw/VAPOTHERM__INC__-_Manufacturing_and_Supply_Agreement.txt,75632,11847
195,PLAYAHOTELS_RESORTSNV_03_14_2017-EX-10.22-STRATEGIC ALLIANCE AGREEMENT (Hyatt Ziva Cancun),PLAYAHOTELS_RESORTSNV_03_14_2017-EX-10_22-STRATEGIC_ALLIANCE_AGREEMENT__Hyatt_Ziva_Cancun_.txt,data/raw/PLAYAHOTELS_RESORTSNV_03_14_2017-EX-10_22-STRATEGIC_ALLIANCE_AGREEMENT__Hyatt_Ziva_Cancun_.txt,22259,3543
196,LIGHTBRIDGECORP_11_23_2015-EX-10.26-STRATEGIC ALLIANCE AGREEMENT,LIGHTBRIDGECORP_11_23_2015-EX-10_26-STRATEGIC_ALLIANCE_AGREEMENT.txt,data/raw/LIGHTBRIDGECORP_11_23_2015-EX-10_26-STRATEGIC_ALLIANCE_AGREEMENT.txt,19386,3023
197,"XLITECHNOLOGIES,INC_12_02_2015-EX-10.02-STRATEGIC ALLIANCE AGREEMENT",XLITECHNOLOGIES_INC_12_02_2015-EX-10_02-STRATEGIC_ALLIANCE_AGREEMENT.txt,data/raw/XLITECHNOLOGIES_INC_12_02_2015-EX-10_02-STRATEGIC_ALLIANCE_AGREEMENT.txt,5712,875
198,HYPERIONSOFTWARECORP_09_28_1994-EX-10.47-EXCLUSIVE DISTRIBUTOR AGREEMENT,HYPERIONSOFTWARECORP_09_28_1994-EX-10_47-EXCLUSIVE_DISTRIBUTOR_AGREEMENT.txt,data/raw/HYPERIONSOFTWARECORP_09_28_1994-EX-10_47-EXCLUSIVE_DISTRIBUTOR_AGREEMENT.txt,37682,5290
199,BUFFALOWILDWINGSINC_06_05_1998-EX-10.3-FRANCHISE AGREEMENT,BUFFALOWILDWINGSINC_06_05_1998-EX-10_3-FRANCHISE_AGREEMENT.txt,data/raw/BUFFALOWILDWINGSINC_06_05_1998-EX-10_3-FRANCHISE_AGREEMENT.txt,154495,23663
200,ReynoldsConsumerProductsInc_20200121_S-1A_EX-10.22_11948918_EX-10.22_Service Agreement,ReynoldsConsumerProductsInc_20200121_S-1A_EX-10_22_11948918_EX-10_22_Service_Agreement.txt,data/raw/ReynoldsConsumerProductsInc_20200121_S-1A_EX-10_22_11948918_EX-10_22_Service_Agreement.txt,112910,17207
201,"GWG HOLDINGS, INC. - ORDERLY MARKETING AGREEMENT",GWG_HOLDINGS__INC__-_ORDERLY_MARKETING_AGREEMENT.txt,data/raw/GWG_HOLDINGS__INC__-_ORDERLY_MARKETING_AGREEMENT.txt,25450,4177
202,BLACKROCKMUNIHOLDINGSINVESTMENTQUALITYFUND_04_07_2020-EX-99.01-JOINT FILING AGREEMENT,BLACKROCKMUNIHOLDINGSINVESTMENTQUALITYFUND_04_07_2020-EX-99_01-JOINT_FILING_AGREEMENT.txt,data/raw/BLACKROCKMUNIHOLDINGSINVESTMENTQUALITYFUND_04_07_2020-EX-99_01-JOINT_FILING_AGREEMENT.txt,1283,201
203,ALLISONTRANSMISSIONHOLDINGSINC_12_15_2014-EX-99.1-COOPERATION AGREEMENT,ALLISONTRANSMISSIONHOLDINGSINC_12_15_2014-EX-99_1-COOPERATION_AGREEMENT.txt,data/raw/ALLISONTRANSMISSIONHOLDINGSINC_12_15_2014-EX-99_1-COOPERATION_AGREEMENT.txt,32826,5202
204,"SPOKHOLDINGS,INC_06_19_2020-EX-10.1-COOPERATION AGREEMENT",SPOKHOLDINGS_INC_06_19_2020-EX-10_1-COOPERATION_AGREEMENT.txt,data/raw/SPOKHOLDINGS_INC_06_19_2020-EX-10_1-COOPERATION_AGREEMENT.txt,17710,2842
205,WARNINGMANAGEMENTSERVICESINC_12_10_1999-EX-10-ENDORSEMENT AGREEMENT,WARNINGMANAGEMENTSERVICESINC_12_10_1999-EX-10-ENDORSEMENT_AGREEMENT.txt,data/raw/WARNINGMANAGEMENTSERVICESINC_12_10_1999-EX-10-ENDORSEMENT_AGREEMENT.txt,29724,4602
206,LinkPlusCorp_20050802_8-K_EX-10_3240252_EX-10_Affiliate Agreement,LinkPlusCorp_20050802_8-K_EX-10_3240252_EX-10_Affiliate_Agreement.txt,data/raw/LinkPlusCorp_20050802_8-K_EX-10_3240252_EX-10_Affiliate_Agreement.txt,25619,2899
207,RMRGROUPINC_01_22_2020-EX-99.1-JOINT FILING AGREEMENT,RMRGROUPINC_01_22_2020-EX-99_1-JOINT_FILING_AGREEMENT.txt,data/raw/RMRGROUPINC_01_22_2020-EX-99_1-JOINT_FILING_AGREEMENT.txt,645,109
208,SMITHELECTRICVEHICLESCORP_04_04_2012-EX-10.26-FLEET MAINTENANCE AGREEMENT,SMITHELECTRICVEHICLESCORP_04_04_2012-EX-10_26-FLEET_MAINTENANCE_AGREEMENT.txt,data/raw/SMITHELECTRICVEHICLESCORP_04_04_2012-EX-10_26-FLEET_MAINTENANCE_AGREEMENT.txt,85963,13201
209,CHINARECYCLINGENERGYCORP_11_14_2013-EX-10.6-Cooperation Agreement,CHINARECYCLINGENERGYCORP_11_14_2013-EX-10_6-Cooperation_Agreement.txt,data/raw/CHINARECYCLINGENERGYCORP_11_14_2013-EX-10_6-Cooperation_Agreement.txt,16509,2664
210,"KUBIENT,INC_07_02_2020-EX-10.14-MASTER SERVICES AGREEMENT_Part1",KUBIENT_INC_07_02_2020-EX-10_14-MASTER_SERVICES_AGREEMENT_Part1.txt,data/raw/KUBIENT_INC_07_02_2020-EX-10_14-MASTER_SERVICES_AGREEMENT_Part1.txt,26108,4014
211,NeoformaInc_19991202_S-1A_EX-10.26_5224521_EX-10.26_Co-Branding Agreement,NeoformaInc_19991202_S-1A_EX-10_26_5224521_EX-10_26_Co-Branding_Agreement.txt,data/raw/NeoformaInc_19991202_S-1A_EX-10_26_5224521_EX-10_26_Co-Branding_Agreement.txt,98907,13370
212,AULAMERICANUNITTRUST_04_24_2020-EX-99.8.77-SERVICING AGREEMENT,AULAMERICANUNITTRUST_04_24_2020-EX-99_8_77-SERVICING_AGREEMENT.txt,data/raw/AULAMERICANUNITTRUST_04_24_2020-EX-99_8_77-SERVICING_AGREEMENT.txt,36019,5607
213,VIOLINMEMORYINC_12_12_2012-EX-10.14-SPONSORSHIP AGREEMENT,VIOLINMEMORYINC_12_12_2012-EX-10_14-SPONSORSHIP_AGREEMENT.txt,data/raw/VIOLINMEMORYINC_12_12_2012-EX-10_14-SPONSORSHIP_AGREEMENT.txt,53764,8499
214,RaeSystemsInc_20001114_10-Q_EX-10.57_2631790_EX-10.57_Co-Branding Agreement,RaeSystemsInc_20001114_10-Q_EX-10_57_2631790_EX-10_57_Co-Branding_Agreement.txt,data/raw/RaeSystemsInc_20001114_10-Q_EX-10_57_2631790_EX-10_57_Co-Branding_Agreement.txt,43179,5582
215,QBIOMEDINC_04_08_2020-EX-99.1-JOINT FILING AGREEMENT,QBIOMEDINC_04_08_2020-EX-99_1-JOINT_FILING_AGREEMENT.txt,data/raw/QBIOMEDINC_04_08_2020-EX-99_1-JOINT_FILING_AGREEMENT.txt,2732,429
216,ZogenixInc_20190509_10-Q_EX-10.2_11663313_EX-10.2_Distributor Agreement,ZogenixInc_20190509_10-Q_EX-10_2_11663313_EX-10_2_Distributor_Agreement.txt,data/raw/ZogenixInc_20190509_10-Q_EX-10_2_11663313_EX-10_2_Distributor_Agreement.txt,175770,26626
217,LeadersonlineInc_20000427_S-1A_EX-10.8_4991089_EX-10.8_Co-Branding Agreement,LeadersonlineInc_20000427_S-1A_EX-10_8_4991089_EX-10_8_Co-Branding_Agreement.txt,data/raw/LeadersonlineInc_20000427_S-1A_EX-10_8_4991089_EX-10_8_Co-Branding_Agreement.txt,55296,8078
218,PRIMEENERGYRESOURCESCORP_04_02_2007-EX-10.28-COMPLETION AND LIQUIDITY MAINTENANCE AGREEMENT,PRIMEENERGYRESOURCESCORP_04_02_2007-EX-10_28-COMPLETION_AND_LIQUIDITY_MAINTENANCE_AGREEMENT.txt,data/raw/PRIMEENERGYRESOURCESCORP_04_02_2007-EX-10_28-COMPLETION_AND_LIQUIDITY_MAINTENANCE_AGREEMENT.txt,5030,742
219,AgapeAtpCorp_20191202_10-KA_EX-10.1_11911128_EX-10.1_Supply Agreement,AgapeAtpCorp_20191202_10-KA_EX-10_1_11911128_EX-10_1_Supply_Agreement.txt,data/raw/AgapeAtpCorp_20191202_10-KA_EX-10_1_11911128_EX-10_1_Supply_Agreement.txt,20693,3292
220,ArcaUsTreasuryFund_20200207_N-2_EX-99.K5_11971930_EX-99.K5_Development Agreement,ArcaUsTreasuryFund_20200207_N-2_EX-99_K5_11971930_EX-99_K5_Development_Agreement.txt,data/raw/ArcaUsTreasuryFund_20200207_N-2_EX-99_K5_11971930_EX-99_K5_Development_Agreement.txt,15318,2316
221,BIOAMBERINC_04_10_2013-EX-10.34-DEVELOPMENT AGREEMENT - First Amendment,BIOAMBERINC_04_10_2013-EX-10_34-DEVELOPMENT_AGREEMENT_-_First_Amendment.txt,data/raw/BIOAMBERINC_04_10_2013-EX-10_34-DEVELOPMENT_AGREEMENT_-_First_Amendment.txt,6390,940
222,"XACCT Technologies, Inc.SUPPORT AND MAINTENANCE AGREEMENT",XACCT_Technologies__Inc_SUPPORT_AND_MAINTENANCE_AGREEMENT.txt,data/raw/XACCT_Technologies__Inc_SUPPORT_AND_MAINTENANCE_AGREEMENT.txt,14193,1796
223,CHANGEPOINTCORP_03_08_2000-EX-10.6-LICENSE AND HOSTING AGREEMENT,CHANGEPOINTCORP_03_08_2000-EX-10_6-LICENSE_AND_HOSTING_AGREEMENT.txt,data/raw/CHANGEPOINTCORP_03_08_2000-EX-10_6-LICENSE_AND_HOSTING_AGREEMENT.txt,161066,18806
224,Apollo Endosurgery - Manufacturing and Supply Agreement,Apollo_Endosurgery_-_Manufacturing_and_Supply_Agreement.txt,data/raw/Apollo_Endosurgery_-_Manufacturing_and_Supply_Agreement.txt,48253,7248
225,"MJBIOTECH,INC_12_06_2018-EX-99.01-JOINT VENTURE AGREEMENT",MJBIOTECH_INC_12_06_2018-EX-99_01-JOINT_VENTURE_AGREEMENT.txt,data/raw/MJBIOTECH_INC_12_06_2018-EX-99_01-JOINT_VENTURE_AGREEMENT.txt,23582,3709
226,IDREAMSKYTECHNOLOGYLTD_07_03_2014-EX-10.39-Cooperation Agreement on Mobile Game Business,IDREAMSKYTECHNOLOGYLTD_07_03_2014-EX-10_39-Cooperation_Agreement_on_Mobile_Game_Business.txt,data/raw/IDREAMSKYTECHNOLOGYLTD_07_03_2014-EX-10_39-Cooperation_Agreement_on_Mobile_Game_Business.txt,76425,12072
227,"CANOPETROLEUM,INC_12_13_2007-EX-10.1-Sponsorship Agreement",CANOPETROLEUM_INC_12_13_2007-EX-10_1-Sponsorship_Agreement.txt,data/raw/CANOPETROLEUM_INC_12_13_2007-EX-10_1-Sponsorship_Agreement.txt,8852,1449
228,PhoenixNewMediaLtd_20110421_F-1_EX-10.17_6958322_EX-10.17_Content License Agreement,PhoenixNewMediaLtd_20110421_F-1_EX-10_17_6958322_EX-10_17_Content_License_Agreement.txt,data/raw/PhoenixNewMediaLtd_20110421_F-1_EX-10_17_6958322_EX-10_17_Content_License_Agreement.txt,25060,3908
229,"HOSPITALITYINVESTORSTRUST,INC_04_07_2014-EX-10.26-FRANCHISE AGREEMENT",HOSPITALITYINVESTORSTRUST_INC_04_07_2014-EX-10_26-FRANCHISE_AGREEMENT.txt,data/raw/HOSPITALITYINVESTORSTRUST_INC_04_07_2014-EX-10_26-FRANCHISE_AGREEMENT.txt,146992,23061
230,FulucaiProductionsLtd_20131223_10-Q_EX-10.9_8368347_EX-10.9_Content License Agreement,FulucaiProductionsLtd_20131223_10-Q_EX-10_9_8368347_EX-10_9_Content_License_Agreement.txt,data/raw/FulucaiProductionsLtd_20131223_10-Q_EX-10_9_8368347_EX-10_9_Content_License_Agreement.txt,18562,2804
231,"ONEMAINHOLDINGS,INC_02_20_2020-EX-99.D-JOINT FILING AGREEMENT",ONEMAINHOLDINGS_INC_02_20_2020-EX-99_D-JOINT_FILING_AGREEMENT.txt,data/raw/ONEMAINHOLDINGS_INC_02_20_2020-EX-99_D-JOINT_FILING_AGREEMENT.txt,5879,944
232,MPLXLP_06_17_2015-EX-10.1-TRANSPORTATION SERVICES AGREEMENT,MPLXLP_06_17_2015-EX-10_1-TRANSPORTATION_SERVICES_AGREEMENT.txt,data/raw/MPLXLP_06_17_2015-EX-10_1-TRANSPORTATION_SERVICES_AGREEMENT.txt,57631,8966
233,LOGANSROADHOUSEINC_03_27_1998-EX-10.17-SPONSORSHIP AGREEMENT,LOGANSROADHOUSEINC_03_27_1998-EX-10_17-SPONSORSHIP_AGREEMENT.txt,data/raw/LOGANSROADHOUSEINC_03_27_1998-EX-10_17-SPONSORSHIP_AGREEMENT.txt,19171,2865
234,FuelcellEnergyInc_20191106_8-K_EX-10.1_11868007_EX-10.1_Development Agreement,FuelcellEnergyInc_20191106_8-K_EX-10_1_11868007_EX-10_1_Development_Agreement.txt,data/raw/FuelcellEnergyInc_20191106_8-K_EX-10_1_11868007_EX-10_1_Development_Agreement.txt,105662,15880
235,"THERAVANCEBIOPHARMA,INC_05_08_2020-EX-10.2-SERVICE AGREEMENT",THERAVANCEBIOPHARMA_INC_05_08_2020-EX-10_2-SERVICE_AGREEMENT.txt,data/raw/THERAVANCEBIOPHARMA_INC_05_08_2020-EX-10_2-SERVICE_AGREEMENT.txt,32861,5294
236,BerkshireHillsBancorpInc_20120809_10-Q_EX-10.16_7708169_EX-10.16_Endorsement Agreement,BerkshireHillsBancorpInc_20120809_10-Q_EX-10_16_7708169_EX-10_16_Endorsement_Agreement.txt,data/raw/BerkshireHillsBancorpInc_20120809_10-Q_EX-10_16_7708169_EX-10_16_Endorsement_Agreement.txt,29629,4466
237,DYNAMEXINC_06_06_1996-EX-10.4-TRANSPORTATION SERVICES AGREEMENT,DYNAMEXINC_06_06_1996-EX-10_4-TRANSPORTATION_SERVICES_AGREEMENT.txt,data/raw/DYNAMEXINC_06_06_1996-EX-10_4-TRANSPORTATION_SERVICES_AGREEMENT.txt,49218,6760
238,VALENCETECHNOLOGYINC_02_14_2003-EX-10-JOINT VENTURE CONTRACT,VALENCETECHNOLOGYINC_02_14_2003-EX-10-JOINT_VENTURE_CONTRACT.txt,data/raw/VALENCETECHNOLOGYINC_02_14_2003-EX-10-JOINT_VENTURE_CONTRACT.txt,73698,11008
239,ULTRAGENYXPHARMACEUTICALINC_12_23_2013-EX-10.9-SUPPLY AGREEMENT,ULTRAGENYXPHARMACEUTICALINC_12_23_2013-EX-10_9-SUPPLY_AGREEMENT.txt,data/raw/ULTRAGENYXPHARMACEUTICALINC_12_23_2013-EX-10_9-SUPPLY_AGREEMENT.txt,14592,2274
240,"NETGEAR,INC_04_21_2003-EX-10.16- AMENDMENT #2 TO THE DISTRIBUTION AGREEMENT",NETGEAR_INC_04_21_2003-EX-10_16-_AMENDMENT__2_TO_THE_DISTRIBUTION_AGREEMENT.txt,data/raw/NETGEAR_INC_04_21_2003-EX-10_16-_AMENDMENT__2_TO_THE_DISTRIBUTION_AGREEMENT.txt,4567,555
241,SFGFINANCIALCORP_05_12_2009-EX-10.1-SOFTWARE LICENSE AND MAINTENANCE AGREEMENT,SFGFINANCIALCORP_05_12_2009-EX-10_1-SOFTWARE_LICENSE_AND_MAINTENANCE_AGREEMENT.txt,data/raw/SFGFINANCIALCORP_05_12_2009-EX-10_1-SOFTWARE_LICENSE_AND_MAINTENANCE_AGREEMENT.txt,51043,7749
242,"VAXCYTE,INC_05_22_2020-EX-10.19-SUPPLY AGREEMENT",VAXCYTE_INC_05_22_2020-EX-10_19-SUPPLY_AGREEMENT.txt,data/raw/VAXCYTE_INC_05_22_2020-EX-10_19-SUPPLY_AGREEMENT.txt,99696,15227
243,"OTISWORLDWIDECORP_04_03_2020-EX-10.4-INTELLECTUAL PROPERTY AGREEMENT by and among UNITED TECHNOLOGIES CORPORATION, OTIS WORLDWIDE CORPORATION and CARRIER ~1",OTISWORLDWIDECORP_04_03_2020-EX-10_4-INTELLECTUAL_PROPERTY_AGREEMENT_by_and_among_UNITED_TECHNOLOGIES_CORPORATION__OTIS_WORLDWIDE_CORPORATION_and_CARRIER__1.txt,data/raw/OTISWORLDWIDECORP_04_03_2020-EX-10_4-INTELLECTUAL_PROPERTY_AGREEMENT_by_and_among_UNITED_TECHNOLOGIES_CORPORATION__OTIS_WORLDWIDE_CORPORATION_and_CARRIER__1.txt,62196,9672
244,"GIGGLESN_HUGS,INC_06_23_2016-EX-10.2-STRATEGIC ALLIANCE AGREEMENT",GIGGLESN_HUGS_INC_06_23_2016-EX-10_2-STRATEGIC_ALLIANCE_AGREEMENT.txt,data/raw/GIGGLESN_HUGS_INC_06_23_2016-EX-10_2-STRATEGIC_ALLIANCE_AGREEMENT.txt,22359,3430
245,ExactSciencesCorp_20180822_8-K_EX-10.1_11331629_EX-10.1_Promotion Agreement,ExactSciencesCorp_20180822_8-K_EX-10_1_11331629_EX-10_1_Promotion_Agreement.txt,data/raw/ExactSciencesCorp_20180822_8-K_EX-10_1_11331629_EX-10_1_Promotion_Agreement.txt,159187,24685
246,Quaker Chemical Corporation - NON COMPETITION AND NON SOLICITATION AGREEMENT,Quaker_Chemical_Corporation_-_NON_COMPETITION_AND_NON_SOLICITATION_AGREEMENT.txt,data/raw/Quaker_Chemical_Corporation_-_NON_COMPETITION_AND_NON_SOLICITATION_AGREEMENT.txt,22700,3488
247,GlobalTechnologiesGroupInc_20050928_10KSB_EX-10.9_4148808_EX-10.9_Content License Agreement,GlobalTechnologiesGroupInc_20050928_10KSB_EX-10_9_4148808_EX-10_9_Content_License_Agreement.txt,data/raw/GlobalTechnologiesGroupInc_20050928_10KSB_EX-10_9_4148808_EX-10_9_Content_License_Agreement.txt,39596,5899
248,GpaqAcquisitionHoldingsInc_20200123_S-4A_EX-10.8_11951679_EX-10.8_Service Agreement,GpaqAcquisitionHoldingsInc_20200123_S-4A_EX-10_8_11951679_EX-10_8_Service_Agreement.txt,data/raw/GpaqAcquisitionHoldingsInc_20200123_S-4A_EX-10_8_11951679_EX-10_8_Service_Agreement.txt,55075,8649
249,HertzGroupRealtyTrustInc_20190920_S-11A_EX-10.8_11816941_EX-10.8_Trademark License Agreement,HertzGroupRealtyTrustInc_20190920_S-11A_EX-10_8_11816941_EX-10_8_Trademark_License_Agreement.txt,data/raw/HertzGroupRealtyTrustInc_20190920_S-11A_EX-10_8_11816941_EX-10_8_Trademark_License_Agreement.txt,14313,2236
250,QuantumGroupIncFl_20090120_8-K_EX-99.2_3672910_EX-99.2_Hosting Agreement,QuantumGroupIncFl_20090120_8-K_EX-99_2_3672910_EX-99_2_Hosting_Agreement.txt,data/raw/QuantumGroupIncFl_20090120_8-K_EX-99_2_3672910_EX-99_2_Hosting_Agreement.txt,116298,17414
251,"SUCAMPOPHARMACEUTICALS,INC_11_04_2015-EX-10.2-STRATEGIC ALLIANCE AGREEMENT",SUCAMPOPHARMACEUTICALS_INC_11_04_2015-EX-10_2-STRATEGIC_ALLIANCE_AGREEMENT.txt,data/raw/SUCAMPOPHARMACEUTICALS_INC_11_04_2015-EX-10_2-STRATEGIC_ALLIANCE_AGREEMENT.txt,62272,9629
252,KENTUCKYUTILITIESCO_03_25_2003-EX-10.65-TRANSPORTATION AGREEMENT,KENTUCKYUTILITIESCO_03_25_2003-EX-10_65-TRANSPORTATION_AGREEMENT.txt,data/raw/KENTUCKYUTILITIESCO_03_25_2003-EX-10_65-TRANSPORTATION_AGREEMENT.txt,16901,2578
253,"PHREESIA,INC_05_28_2019-EX-10.18-STRATEGIC ALLIANCE AGREEMENT",PHREESIA_INC_05_28_2019-EX-10_18-STRATEGIC_ALLIANCE_AGREEMENT.txt,data/raw/PHREESIA_INC_05_28_2019-EX-10_18-STRATEGIC_ALLIANCE_AGREEMENT.txt,120178,17703
254,"Array BioPharma Inc. - LICENSE, DEVELOPMENT AND COMMERCIALIZATION AGREEMENT",Array_BioPharma_Inc__-_LICENSE__DEVELOPMENT_AND_COMMERCIALIZATION_AGREEMENT.txt,data/raw/Array_BioPharma_Inc__-_LICENSE__DEVELOPMENT_AND_COMMERCIALIZATION_AGREEMENT.txt,272018,42742
255,MERCATAINC_03_09_2000-EX-10.21-SPONSORSHIP AGREEMENT,MERCATAINC_03_09_2000-EX-10_21-SPONSORSHIP_AGREEMENT.txt,data/raw/MERCATAINC_03_09_2000-EX-10_21-SPONSORSHIP_AGREEMENT.txt,23672,3224
256,"MEDALISTDIVERSIFIEDREIT,INC_05_18_2020-EX-10.1-CONSULTING AGREEMENT",MEDALISTDIVERSIFIEDREIT_INC_05_18_2020-EX-10_1-CONSULTING_AGREEMENT.txt,data/raw/MEDALISTDIVERSIFIEDREIT_INC_05_18_2020-EX-10_1-CONSULTING_AGREEMENT.txt,24315,3724
257,"FOUNDATIONMEDICINE,INC_02_02_2015-EX-10.2-Collaboration Agreement",FOUNDATIONMEDICINE_INC_02_02_2015-EX-10_2-Collaboration_Agreement.txt,data/raw/FOUNDATIONMEDICINE_INC_02_02_2015-EX-10_2-Collaboration_Agreement.txt,172142,26407
258,RevolutionMedicinesInc_20200117_S-1_EX-10.1_11948417_EX-10.1_Development Agreement,RevolutionMedicinesInc_20200117_S-1_EX-10_1_11948417_EX-10_1_Development_Agreement.txt,data/raw/RevolutionMedicinesInc_20200117_S-1_EX-10_1_11948417_EX-10_1_Development_Agreement.txt,266213,40936
259,AFSALABANCORPINC_08_01_1996-EX-1.1-AGENCY AGREEMENT,AFSALABANCORPINC_08_01_1996-EX-1_1-AGENCY_AGREEMENT.txt,data/raw/AFSALABANCORPINC_08_01_1996-EX-1_1-AGENCY_AGREEMENT.txt,121559,17813
260,"ETELOS,INC_03_09_2004-EX-10.8-DISTRIBUTOR AGREEMENT",ETELOS_INC_03_09_2004-EX-10_8-DISTRIBUTOR_AGREEMENT.txt,data/raw/ETELOS_INC_03_09_2004-EX-10_8-DISTRIBUTOR_AGREEMENT.txt,25647,3863
261,LifewayFoodsInc_20160316_10-K_EX-10.24_9489766_EX-10.24_Endorsement Agreement,LifewayFoodsInc_20160316_10-K_EX-10_24_9489766_EX-10_24_Endorsement_Agreement.txt,data/raw/LifewayFoodsInc_20160316_10-K_EX-10_24_9489766_EX-10_24_Endorsement_Agreement.txt,10996,1656
262,"LEGACYTECHNOLOGYHOLDINGS,INC_12_09_2005-EX-10.2-DISTRIBUTOR AGREEMENT",LEGACYTECHNOLOGYHOLDINGS_INC_12_09_2005-EX-10_2-DISTRIBUTOR_AGREEMENT.txt,data/raw/LEGACYTECHNOLOGYHOLDINGS_INC_12_09_2005-EX-10_2-DISTRIBUTOR_AGREEMENT.txt,15113,1937
263,DeltathreeInc_19991102_S-1A_EX-10.19_6227850_EX-10.19_Co-Branding Agreement_ Service Agreement,DeltathreeInc_19991102_S-1A_EX-10_19_6227850_EX-10_19_Co-Branding_Agreement__Service_Agreement.txt,data/raw/DeltathreeInc_19991102_S-1A_EX-10_19_6227850_EX-10_19_Co-Branding_Agreement__Service_Agreement.txt,28825,4070
264,"SPRINGBANKPHARMACEUTICALS,INC_04_08_2020-EX-99.A-JOINT FILING AGREEMENT",SPRINGBANKPHARMACEUTICALS_INC_04_08_2020-EX-99_A-JOINT_FILING_AGREEMENT.txt,data/raw/SPRINGBANKPHARMACEUTICALS_INC_04_08_2020-EX-99_A-JOINT_FILING_AGREEMENT.txt,1556,246
265,ImineCorp_20180725_S-1_EX-10.5_11275970_EX-10.5_Distributor Agreement,ImineCorp_20180725_S-1_EX-10_5_11275970_EX-10_5_Distributor_Agreement.txt,data/raw/ImineCorp_20180725_S-1_EX-10_5_11275970_EX-10_5_Distributor_Agreement.txt,34461,5369
266,CCAINDUSTRIESINC_04_14_2014-EX-10.1-OUTSOURCING AGREEMENT,CCAINDUSTRIESINC_04_14_2014-EX-10_1-OUTSOURCING_AGREEMENT.txt,data/raw/CCAINDUSTRIESINC_04_14_2014-EX-10_1-OUTSOURCING_AGREEMENT.txt,31914,4889
267,Microgenics Corporation - Collaborative Development and Commercialization Agreement,Microgenics_Corporation_-_Collaborative_Development_and_Commercialization_Agreement.txt,data/raw/Microgenics_Corporation_-_Collaborative_Development_and_Commercialization_Agreement.txt,190261,28415
268,SigaTechnologiesInc_20190603_8-K_EX-10.1_11695818_EX-10.1_Promotion Agreement,SigaTechnologiesInc_20190603_8-K_EX-10_1_11695818_EX-10_1_Promotion_Agreement.txt,data/raw/SigaTechnologiesInc_20190603_8-K_EX-10_1_11695818_EX-10_1_Promotion_Agreement.txt,144443,22348
269,VgrabCommunicationsInc_20200129_10-K_EX-10.33_11958828_EX-10.33_Development Agreement,VgrabCommunicationsInc_20200129_10-K_EX-10_33_11958828_EX-10_33_Development_Agreement.txt,data/raw/VgrabCommunicationsInc_20200129_10-K_EX-10_33_11958828_EX-10_33_Development_Agreement.txt,14822,2297
270,AIRTECHINTERNATIONALGROUPINC_05_08_2000-EX-10.4-FRANCHISE AGREEMENT,AIRTECHINTERNATIONALGROUPINC_05_08_2000-EX-10_4-FRANCHISE_AGREEMENT.txt,data/raw/AIRTECHINTERNATIONALGROUPINC_05_08_2000-EX-10_4-FRANCHISE_AGREEMENT.txt,73869,11368
271,IMMUNOMEDICSINC_08_07_2019-EX-10.1-PROMOTION AGREEMENT,IMMUNOMEDICSINC_08_07_2019-EX-10_1-PROMOTION_AGREEMENT.txt,data/raw/IMMUNOMEDICSINC_08_07_2019-EX-10_1-PROMOTION_AGREEMENT.txt,154812,24022
272,HPILHOLDING_01_07_2015-EX-99.1-COOPERATION AGREEMENT,HPILHOLDING_01_07_2015-EX-99_1-COOPERATION_AGREEMENT.txt,data/raw/HPILHOLDING_01_07_2015-EX-99_1-COOPERATION_AGREEMENT.txt,20008,2626
273,BravatekSolutionsInc_20170418_8-K_EX-10.1_10205739_EX-10.1_Reseller Agreement,BravatekSolutionsInc_20170418_8-K_EX-10_1_10205739_EX-10_1_Reseller_Agreement.txt,data/raw/BravatekSolutionsInc_20170418_8-K_EX-10_1_10205739_EX-10_1_Reseller_Agreement.txt,15871,2384
274,SPORTHALEYINC_09_29_1997-EX-10.2-10-ENDORSEMENT AGREEMENT,SPORTHALEYINC_09_29_1997-EX-10_2-10-ENDORSEMENT_AGREEMENT.txt,data/raw/SPORTHALEYINC_09_29_1997-EX-10_2-10-ENDORSEMENT_AGREEMENT.txt,11930,1537
275,XENCORINC_10_25_2013-EX-10.24-COLLABORATION AGREEMENT (3),XENCORINC_10_25_2013-EX-10_24-COLLABORATION_AGREEMENT__3_.txt,data/raw/XENCORINC_10_25_2013-EX-10_24-COLLABORATION_AGREEMENT__3_.txt,140106,20117
276,NETGROCERINC_07_31_1998-EX-10.15-SPONSORSHIP AGREEMENT,NETGROCERINC_07_31_1998-EX-10_15-SPONSORSHIP_AGREEMENT.txt,data/raw/NETGROCERINC_07_31_1998-EX-10_15-SPONSORSHIP_AGREEMENT.txt,45040,5206
277,CoherusBiosciencesInc_20200227_10-K_EX-10.29_12021376_EX-10.29_Development Agreement,CoherusBiosciencesInc_20200227_10-K_EX-10_29_12021376_EX-10_29_Development_Agreement.txt,data/raw/CoherusBiosciencesInc_20200227_10-K_EX-10_29_12021376_EX-10_29_Development_Agreement.txt,146058,21991
278,FEDERATEDGOVERNMENTINCOMESECURITIESINC_04_28_2020-EX-99.SERV AGREE-SERVICES AGREEMENT_POWEROF,FEDERATEDGOVERNMENTINCOMESECURITIESINC_04_28_2020-EX-99_SERV_AGREE-SERVICES_AGREEMENT_POWEROF.txt,data/raw/FEDERATEDGOVERNMENTINCOMESECURITIESINC_04_28_2020-EX-99_SERV_AGREE-SERVICES_AGREEMENT_POWEROF.txt,14384,2213
279,DIVERSINETCORP_03_01_2012-EX-4-RESELLER AGREEMENT,DIVERSINETCORP_03_01_2012-EX-4-RESELLER_AGREEMENT.txt,data/raw/DIVERSINETCORP_03_01_2012-EX-4-RESELLER_AGREEMENT.txt,75389,11296
280,NmfSlfIInc_20200115_10-12GA_EX-10.5_11946987_EX-10.5_Trademark License Agreement,NmfSlfIInc_20200115_10-12GA_EX-10_5_11946987_EX-10_5_Trademark_License_Agreement.txt,data/raw/NmfSlfIInc_20200115_10-12GA_EX-10_5_11946987_EX-10_5_Trademark_License_Agreement.txt,17064,2694
281,"CURAEGISTECHNOLOGIES,INC_05_26_2010-EX-1-CORPORATE SPONSORSHIP AGREEMENT",CURAEGISTECHNOLOGIES_INC_05_26_2010-EX-1-CORPORATE_SPONSORSHIP_AGREEMENT.txt,data/raw/CURAEGISTECHNOLOGIES_INC_05_26_2010-EX-1-CORPORATE_SPONSORSHIP_AGREEMENT.txt,12624,1975
282,KALLOINC_11_03_2011-EX-10.1-STRATEGIC ALLIANCE AGREEMENT,KALLOINC_11_03_2011-EX-10_1-STRATEGIC_ALLIANCE_AGREEMENT.txt,data/raw/KALLOINC_11_03_2011-EX-10_1-STRATEGIC_ALLIANCE_AGREEMENT.txt,75458,11172
283,GridironBionutrientsInc_20171206_8-K_EX-10.1_10972555_EX-10.1_Endorsement Agreement,GridironBionutrientsInc_20171206_8-K_EX-10_1_10972555_EX-10_1_Endorsement_Agreement.txt,data/raw/GridironBionutrientsInc_20171206_8-K_EX-10_1_10972555_EX-10_1_Endorsement_Agreement.txt,29208,4601
284,MOSSIMOINC_04_14_2000-EX-10.14-ENDORSEMENT AGREEMENT,MOSSIMOINC_04_14_2000-EX-10_14-ENDORSEMENT_AGREEMENT.txt,data/raw/MOSSIMOINC_04_14_2000-EX-10_14-ENDORSEMENT_AGREEMENT.txt,24307,3480
285,FEDERATEDGOVERNMENTINCOMESECURITIESINC_04_28_2020-EX-99.SERV AGREE-SERVICES AGREEMENT_AMENDMENT,FEDERATEDGOVERNMENTINCOMESECURITIESINC_04_28_2020-EX-99_SERV_AGREE-SERVICES_AGREEMENT_AMENDMENT.txt,data/raw/FEDERATEDGOVERNMENTINCOMESECURITIESINC_04_28_2020-EX-99_SERV_AGREE-SERVICES_AGREEMENT_AMENDMENT.txt,3860,564
286,RandWorldwideInc_20010402_8-KA_EX-10.2_2102464_EX-10.2_Co-Branding Agreement,RandWorldwideInc_20010402_8-KA_EX-10_2_2102464_EX-10_2_Co-Branding_Agreement.txt,data/raw/RandWorldwideInc_20010402_8-KA_EX-10_2_2102464_EX-10_2_Co-Branding_Agreement.txt,48159,6718
287,GOLDRESOURCECORP_12_11_2008-EX-10.1-STRATEGIC ALLIANCE AGREEMENT,GOLDRESOURCECORP_12_11_2008-EX-10_1-STRATEGIC_ALLIANCE_AGREEMENT.txt,data/raw/GOLDRESOURCECORP_12_11_2008-EX-10_1-STRATEGIC_ALLIANCE_AGREEMENT.txt,55434,8786
288,"Loop Industries, Inc. - Marketing Agreement",Loop_Industries__Inc__-_Marketing_Agreement.txt,data/raw/Loop_Industries__Inc__-_Marketing_Agreement.txt,34740,5244
289,BloomEnergyCorp_20180321_DRSA (on S-1)_EX-10_11240356_EX-10_Maintenance Agreement,BloomEnergyCorp_20180321_DRSA__on_S-1__EX-10_11240356_EX-10_Maintenance_Agreement.txt,data/raw/BloomEnergyCorp_20180321_DRSA__on_S-1__EX-10_11240356_EX-10_Maintenance_Agreement.txt,104732,16116
290,AudibleInc_20001113_10-Q_EX-10.32_2599586_EX-10.32_Co-Branding Agreement_ Marketing Agreement_ Investment Distribution Agreement,AudibleInc_20001113_10-Q_EX-10_32_2599586_EX-10_32_Co-Branding_Agreement__Marketing_Agreement__Investment_Distribution_Agreement.txt,data/raw/AudibleInc_20001113_10-Q_EX-10_32_2599586_EX-10_32_Co-Branding_Agreement__Marketing_Agreement__Investment_Distribution_Agreement.txt,77102,11211
291,HOLIDAYRVSUPERSTORESINC_04_15_2002-EX-10.13-ENDORSEMENT AGREEMENT,HOLIDAYRVSUPERSTORESINC_04_15_2002-EX-10_13-ENDORSEMENT_AGREEMENT.txt,data/raw/HOLIDAYRVSUPERSTORESINC_04_15_2002-EX-10_13-ENDORSEMENT_AGREEMENT.txt,14157,2189
292,WOMENSGOLFUNLIMITEDINC_03_29_2000-EX-10.13-ENDORSEMENT AGREEMENT,WOMENSGOLFUNLIMITEDINC_03_29_2000-EX-10_13-ENDORSEMENT_AGREEMENT.txt,data/raw/WOMENSGOLFUNLIMITEDINC_03_29_2000-EX-10_13-ENDORSEMENT_AGREEMENT.txt,32371,4539
293,NeuroboPharmaceuticalsInc_20190903_S-4_EX-10.36_11802165_EX-10.36_Manufacturing Agreement_ Supply Agreement,NeuroboPharmaceuticalsInc_20190903_S-4_EX-10_36_11802165_EX-10_36_Manufacturing_Agreement__Supply_Agreement.txt,data/raw/NeuroboPharmaceuticalsInc_20190903_S-4_EX-10_36_11802165_EX-10_36_Manufacturing_Agreement__Supply_Agreement.txt,20000,3094
294,SONUSCORP_03_12_1997-EX-10.11-SPONSORSHIP AGREEMENT,SONUSCORP_03_12_1997-EX-10_11-SPONSORSHIP_AGREEMENT.txt,data/raw/SONUSCORP_03_12_1997-EX-10_11-SPONSORSHIP_AGREEMENT.txt,34903,3891
295,RangeResourcesLouisianaInc_20150417_8-K_EX-10.5_9045501_EX-10.5_Transportation Agreement,RangeResourcesLouisianaInc_20150417_8-K_EX-10_5_9045501_EX-10_5_Transportation_Agreement.txt,data/raw/RangeResourcesLouisianaInc_20150417_8-K_EX-10_5_9045501_EX-10_5_Transportation_Agreement.txt,100284,15659
296,CHAPARRALRESOURCESINC_03_30_2000-EX-10.66-TRANSPORTATION CONTRACT,CHAPARRALRESOURCESINC_03_30_2000-EX-10_66-TRANSPORTATION_CONTRACT.txt,data/raw/CHAPARRALRESOURCESINC_03_30_2000-EX-10_66-TRANSPORTATION_CONTRACT.txt,26830,3865
297,ScansourceInc_20190509_10-Q_EX-10.2_11661422_EX-10.2_Distributor Agreement,ScansourceInc_20190509_10-Q_EX-10_2_11661422_EX-10_2_Distributor_Agreement.txt,data/raw/ScansourceInc_20190509_10-Q_EX-10_2_11661422_EX-10_2_Distributor_Agreement.txt,14149,2131
298,AURASYSTEMSINC_06_16_2010-EX-10.25-STRATEGIC ALLIANCE AGREEMENT,AURASYSTEMSINC_06_16_2010-EX-10_25-STRATEGIC_ALLIANCE_AGREEMENT.txt,data/raw/AURASYSTEMSINC_06_16_2010-EX-10_25-STRATEGIC_ALLIANCE_AGREEMENT.txt,45033,6938
299,IpassInc_20181203_8-K_EX-99.1_11445874_EX-99.1_Reseller Agreement,IpassInc_20181203_8-K_EX-99_1_11445874_EX-99_1_Reseller_Agreement.txt,data/raw/IpassInc_20181203_8-K_EX-99_1_11445874_EX-99_1_Reseller_Agreement.txt,73860,11394
300,VERSOTECHNOLOGIESINC_12_28_2007-EX-99.3-INTELLECTUAL PROPERTY AGREEMENT,VERSOTECHNOLOGIESINC_12_28_2007-EX-99_3-INTELLECTUAL_PROPERTY_AGREEMENT.txt,data/raw/VERSOTECHNOLOGIESINC_12_28_2007-EX-99_3-INTELLECTUAL_PROPERTY_AGREEMENT.txt,5046,739
301,SoupmanInc_20150814_8-K_EX-10.1_9230148_EX-10.1_Franchise Agreement4,SoupmanInc_20150814_8-K_EX-10_1_9230148_EX-10_1_Franchise_Agreement4.txt,data/raw/SoupmanInc_20150814_8-K_EX-10_1_9230148_EX-10_1_Franchise_Agreement4.txt,3314,492
302,EhaveInc_20190515_20-F_EX-4.44_11678816_EX-4.44_License Agreement_ Reseller Agreement,EhaveInc_20190515_20-F_EX-4_44_11678816_EX-4_44_License_Agreement__Reseller_Agreement.txt,data/raw/EhaveInc_20190515_20-F_EX-4_44_11678816_EX-4_44_License_Agreement__Reseller_Agreement.txt,87070,13634
303,BOLIVARMININGCORP_05_23_2003-EX-2.1-VISP WEB SITE BUILDING AND HOSTING AGREEMENT,BOLIVARMININGCORP_05_23_2003-EX-2_1-VISP_WEB_SITE_BUILDING_AND_HOSTING_AGREEMENT.txt,data/raw/BOLIVARMININGCORP_05_23_2003-EX-2_1-VISP_WEB_SITE_BUILDING_AND_HOSTING_AGREEMENT.txt,11539,1736
304,"UNITEDNATIONALBANCORP_03_03_1999-EX-99-Outsourcing Agreement with the BISYS Group, Inc.",UNITEDNATIONALBANCORP_03_03_1999-EX-99-Outsourcing_Agreement_with_the_BISYS_Group__Inc_.txt,data/raw/UNITEDNATIONALBANCORP_03_03_1999-EX-99-Outsourcing_Agreement_with_the_BISYS_Group__Inc_.txt,1952,279
305,"GALERATHERAPEUTICS,INC_02_14_2020-EX-99.A-JOINT FILING AGREEMENT",GALERATHERAPEUTICS_INC_02_14_2020-EX-99_A-JOINT_FILING_AGREEMENT.txt,data/raw/GALERATHERAPEUTICS_INC_02_14_2020-EX-99_A-JOINT_FILING_AGREEMENT.txt,3892,623
306,VirtuosoSurgicalInc_20191227_1-A_EX1A-6 MAT CTRCT_11933379_EX1A-6 MAT CTRCT_License Agreement,VirtuosoSurgicalInc_20191227_1-A_EX1A-6_MAT_CTRCT_11933379_EX1A-6_MAT_CTRCT_License_Agreement.txt,data/raw/VirtuosoSurgicalInc_20191227_1-A_EX1A-6_MAT_CTRCT_11933379_EX1A-6_MAT_CTRCT_License_Agreement.txt,35902,5675
307,"ROCKYMOUNTAINCHOCOLATEFACTORY,INC_12_23_2019-EX-10.2-STRATEGIC ALLIANCE AGREEMENT",ROCKYMOUNTAINCHOCOLATEFACTORY_INC_12_23_2019-EX-10_2-STRATEGIC_ALLIANCE_AGREEMENT.txt,data/raw/ROCKYMOUNTAINCHOCOLATEFACTORY_INC_12_23_2019-EX-10_2-STRATEGIC_ALLIANCE_AGREEMENT.txt,121115,19420
308,VITAMINSHOPPECOMINC_09_13_1999-EX-10.26-SPONSORSHIP AGREEMENT,VITAMINSHOPPECOMINC_09_13_1999-EX-10_26-SPONSORSHIP_AGREEMENT.txt,data/raw/VITAMINSHOPPECOMINC_09_13_1999-EX-10_26-SPONSORSHIP_AGREEMENT.txt,88105,8223
309,"SOLUTIONSVENDINGINTERNATIONAL,INC_03_31_2020-EX1A-1 UNDR AGMT-SERVICES AGREEMENT",SOLUTIONSVENDINGINTERNATIONAL_INC_03_31_2020-EX1A-1_UNDR_AGMT-SERVICES_AGREEMENT.txt,data/raw/SOLUTIONSVENDINGINTERNATIONAL_INC_03_31_2020-EX1A-1_UNDR_AGMT-SERVICES_AGREEMENT.txt,7124,1122
310,InnerscopeHearingTechnologiesInc_20181109_8-K_EX-10.6_11419704_EX-10.6_Distributor Agreement,InnerscopeHearingTechnologiesInc_20181109_8-K_EX-10_6_11419704_EX-10_6_Distributor_Agreement.txt,data/raw/InnerscopeHearingTechnologiesInc_20181109_8-K_EX-10_6_11419704_EX-10_6_Distributor_Agreement.txt,22396,3360
311,SmartRxSystemsInc_20180914_1-A_EX1A-6 MAT CTRCT_11351705_EX1A-6 MAT CTRCT_Distributor Agreement,SmartRxSystemsInc_20180914_1-A_EX1A-6_MAT_CTRCT_11351705_EX1A-6_MAT_CTRCT_Distributor_Agreement.txt,data/raw/SmartRxSystemsInc_20180914_1-A_EX1A-6_MAT_CTRCT_11351705_EX1A-6_MAT_CTRCT_Distributor_Agreement.txt,39984,6123
312,"Reinsurance Group of America, Incorporated - A_R REMARKETING  AGREEMENT",Reinsurance_Group_of_America__Incorporated_-_A_R_REMARKETING__AGREEMENT.txt,data/raw/Reinsurance_Group_of_America__Incorporated_-_A_R_REMARKETING__AGREEMENT.txt,102071,16074
313,BIOFRONTERAAG_04_29_2019-EX-4.17-SUPPLY AGREEMENT,BIOFRONTERAAG_04_29_2019-EX-4_17-SUPPLY_AGREEMENT.txt,data/raw/BIOFRONTERAAG_04_29_2019-EX-4_17-SUPPLY_AGREEMENT.txt,63723,9771
314,"CORALGOLDRESOURCES,LTD_05_28_2020-EX-4.1-CONSULTING AGREEMENT",CORALGOLDRESOURCES_LTD_05_28_2020-EX-4_1-CONSULTING_AGREEMENT.txt,data/raw/CORALGOLDRESOURCES_LTD_05_28_2020-EX-4_1-CONSULTING_AGREEMENT.txt,29749,4730
315,Cerus Corporation - FIRST AMEND TO SUPPLY AND MANUFACTURING AGREEMENT,Cerus_Corporation_-_FIRST_AMEND_TO_SUPPLY_AND_MANUFACTURING_AGREEMENT.txt,data/raw/Cerus_Corporation_-_FIRST_AMEND_TO_SUPPLY_AND_MANUFACTURING_AGREEMENT.txt,11420,1796
316,OLDAPIWIND-DOWNLTD_01_08_2016-EX-1.3-AGENCY AGREEMENT2,OLDAPIWIND-DOWNLTD_01_08_2016-EX-1_3-AGENCY_AGREEMENT2.txt,data/raw/OLDAPIWIND-DOWNLTD_01_08_2016-EX-1_3-AGENCY_AGREEMENT2.txt,3886,630
317,ATENTOSA_07_06_2020-EX-99.1-JOINT FILING AGREEMENT,ATENTOSA_07_06_2020-EX-99_1-JOINT_FILING_AGREEMENT.txt,data/raw/ATENTOSA_07_06_2020-EX-99_1-JOINT_FILING_AGREEMENT.txt,2298,357
318,HealthcentralCom_19991108_S-1A_EX-10.27_6623292_EX-10.27_Co-Branding Agreement,HealthcentralCom_19991108_S-1A_EX-10_27_6623292_EX-10_27_Co-Branding_Agreement.txt,data/raw/HealthcentralCom_19991108_S-1A_EX-10_27_6623292_EX-10_27_Co-Branding_Agreement.txt,45042,6492
319,GAINSCOINC_01_21_2010-EX-10.41-SPONSORSHIP AGREEMENT,GAINSCOINC_01_21_2010-EX-10_41-SPONSORSHIP_AGREEMENT.txt,data/raw/GAINSCOINC_01_21_2010-EX-10_41-SPONSORSHIP_AGREEMENT.txt,15696,2452
320,"TURNKEYCAPITAL,INC_07_20_2017-EX-1.1-Strategic Alliance Agreement",TURNKEYCAPITAL_INC_07_20_2017-EX-1_1-Strategic_Alliance_Agreement.txt,data/raw/TURNKEYCAPITAL_INC_07_20_2017-EX-1_1-Strategic_Alliance_Agreement.txt,12648,1988
321,IVILLAGEINC_03_17_1999-EX-10.16-SPONSORSHIP AGREEMENT,IVILLAGEINC_03_17_1999-EX-10_16-SPONSORSHIP_AGREEMENT.txt,data/raw/IVILLAGEINC_03_17_1999-EX-10_16-SPONSORSHIP_AGREEMENT.txt,23723,3407
322,PaperexchangeComInc_20000322_S-1A_EX-10.4_5202103_EX-10.4_Co-Branding Agreement,PaperexchangeComInc_20000322_S-1A_EX-10_4_5202103_EX-10_4_Co-Branding_Agreement.txt,data/raw/PaperexchangeComInc_20000322_S-1A_EX-10_4_5202103_EX-10_4_Co-Branding_Agreement.txt,92875,12480
323,"IPAYMENT,INC_05_14_2007-EX-10.1-SPONSORSHIP AGREEMENT",IPAYMENT_INC_05_14_2007-EX-10_1-SPONSORSHIP_AGREEMENT.txt,data/raw/IPAYMENT_INC_05_14_2007-EX-10_1-SPONSORSHIP_AGREEMENT.txt,96662,14652
324,BIOPURECORP_06_30_1999-EX-10.13-AGENCY AGREEMENT,BIOPURECORP_06_30_1999-EX-10_13-AGENCY_AGREEMENT.txt,data/raw/BIOPURECORP_06_30_1999-EX-10_13-AGENCY_AGREEMENT.txt,40590,5757
325,RISEEDUCATIONCAYMANLTD_04_17_2020-EX-4.23-SERVICE AGREEMENT,RISEEDUCATIONCAYMANLTD_04_17_2020-EX-4_23-SERVICE_AGREEMENT.txt,data/raw/RISEEDUCATIONCAYMANLTD_04_17_2020-EX-4_23-SERVICE_AGREEMENT.txt,16372,2394
326,STARTECGLOBALCOMMUNICATIONSCORP_11_16_1998-EX-10.30-CONSTRUCTION AND MAINTENANCE AGREEMENT,STARTECGLOBALCOMMUNICATIONSCORP_11_16_1998-EX-10_30-CONSTRUCTION_AND_MAINTENANCE_AGREEMENT.txt,data/raw/STARTECGLOBALCOMMUNICATIONSCORP_11_16_1998-EX-10_30-CONSTRUCTION_AND_MAINTENANCE_AGREEMENT.txt,116260,14551
327,LejuHoldingsLtd_20140121_DRS (on F-1)_EX-10.26_8473102_EX-10.26_Content License Agreement2,LejuHoldingsLtd_20140121_DRS__on_F-1__EX-10_26_8473102_EX-10_26_Content_License_Agreement2.txt,data/raw/LejuHoldingsLtd_20140121_DRS__on_F-1__EX-10_26_8473102_EX-10_26_Content_License_Agreement2.txt,2180,327
328,TRIZETTOGROUPINC_08_18_1999-EX-10.17-TECHNICAL INFRASTRUCTURE MAINTENANCE AGREEMENT,TRIZETTOGROUPINC_08_18_1999-EX-10_17-TECHNICAL_INFRASTRUCTURE_MAINTENANCE_AGREEMENT.txt,data/raw/TRIZETTOGROUPINC_08_18_1999-EX-10_17-TECHNICAL_INFRASTRUCTURE_MAINTENANCE_AGREEMENT.txt,17786,2208
329,FIBROGENINC_10_01_2014-EX-10.11-COLLABORATION AGREEMENT,FIBROGENINC_10_01_2014-EX-10_11-COLLABORATION_AGREEMENT.txt,data/raw/FIBROGENINC_10_01_2014-EX-10_11-COLLABORATION_AGREEMENT.txt,155655,24526
330,"KNOWLABS,INC_08_15_2005-EX-10-INTELLECTUAL PROPERTY AGREEMENT",KNOWLABS_INC_08_15_2005-EX-10-INTELLECTUAL_PROPERTY_AGREEMENT.txt,data/raw/KNOWLABS_INC_08_15_2005-EX-10-INTELLECTUAL_PROPERTY_AGREEMENT.txt,14792,1970
331,UAGHINC_04_14_2004-EX-10.18-MAINTENANCE AGREEMENT,UAGHINC_04_14_2004-EX-10_18-MAINTENANCE_AGREEMENT.txt,data/raw/UAGHINC_04_14_2004-EX-10_18-MAINTENANCE_AGREEMENT.txt,16823,2676
332,"ARMSTRONGFLOORING,INC_01_07_2019-EX-10.2-INTELLECTUAL PROPERTY AGREEMENT",ARMSTRONGFLOORING_INC_01_07_2019-EX-10_2-INTELLECTUAL_PROPERTY_AGREEMENT.txt,data/raw/ARMSTRONGFLOORING_INC_01_07_2019-EX-10_2-INTELLECTUAL_PROPERTY_AGREEMENT.txt,69759,10349
333,"SPIENERGYCO,LTD_07_10_2014-EX-10-Cooperation Agreement of 50MWp Photovoltaic Grid-connected Power Generation Project in Yangqiao of~1",SPIENERGYCO_LTD_07_10_2014-EX-10-Cooperation_Agreement_of_50MWp_Photovoltaic_Grid-connected_Power_Generation_Project_in_Yangqiao_of_1.txt,data/raw/SPIENERGYCO_LTD_07_10_2014-EX-10-Cooperation_Agreement_of_50MWp_Photovoltaic_Grid-connected_Power_Generation_Project_in_Yangqiao_of_1.txt,2811,413
334,VitalibisInc_20180316_8-K_EX-10.2_11100168_EX-10.2_Hosting Agreement,VitalibisInc_20180316_8-K_EX-10_2_11100168_EX-10_2_Hosting_Agreement.txt,data/raw/VitalibisInc_20180316_8-K_EX-10_2_11100168_EX-10_2_Hosting_Agreement.txt,46187,7045
335,SoupmanInc_20150814_8-K_EX-10.1_9230148_EX-10.1_Franchise Agreement1,SoupmanInc_20150814_8-K_EX-10_1_9230148_EX-10_1_Franchise_Agreement1.txt,data/raw/SoupmanInc_20150814_8-K_EX-10_1_9230148_EX-10_1_Franchise_Agreement1.txt,144235,22750
336,HEALTHGATEDATACORP_11_24_1999-EX-10.1-HOSTING AND MANAGEMENT AGREEMENT - Escrow Agreement,HEALTHGATEDATACORP_11_24_1999-EX-10_1-HOSTING_AND_MANAGEMENT_AGREEMENT_-_Escrow_Agreement.txt,data/raw/HEALTHGATEDATACORP_11_24_1999-EX-10_1-HOSTING_AND_MANAGEMENT_AGREEMENT_-_Escrow_Agreement.txt,35612,4201
337,BNLFINANCIALCORP_03_30_2007-EX-10.8-OUTSOURCING AGREEMENT,BNLFINANCIALCORP_03_30_2007-EX-10_8-OUTSOURCING_AGREEMENT.txt,data/raw/BNLFINANCIALCORP_03_30_2007-EX-10_8-OUTSOURCING_AGREEMENT.txt,39863,6470
338,IntegrityMediaInc_20010329_10-K405_EX-10.17_2373875_EX-10.17_Co-Branding Agreement,IntegrityMediaInc_20010329_10-K405_EX-10_17_2373875_EX-10_17_Co-Branding_Agreement.txt,data/raw/IntegrityMediaInc_20010329_10-K405_EX-10_17_2373875_EX-10_17_Co-Branding_Agreement.txt,29253,3545
339,"IOVANCEBIOTHERAPEUTICS,INC_08_03_2017-EX-10.1-STRATEGIC ALLIANCE AGREEMENT",IOVANCEBIOTHERAPEUTICS_INC_08_03_2017-EX-10_1-STRATEGIC_ALLIANCE_AGREEMENT.txt,data/raw/IOVANCEBIOTHERAPEUTICS_INC_08_03_2017-EX-10_1-STRATEGIC_ALLIANCE_AGREEMENT.txt,69147,10693
340,NEONSYSTEMSINC_03_01_1999-EX-10.5-DISTRIBUTOR AGREEMENT_New,NEONSYSTEMSINC_03_01_1999-EX-10_5-DISTRIBUTOR_AGREEMENT_New.txt,data/raw/NEONSYSTEMSINC_03_01_1999-EX-10_5-DISTRIBUTOR_AGREEMENT_New.txt,61463,8888
341,TELKOMSALTD_01_30_2003-EX-10-LICENCE AND MAINTENANCE AGREEMENT,TELKOMSALTD_01_30_2003-EX-10-LICENCE_AND_MAINTENANCE_AGREEMENT.txt,data/raw/TELKOMSALTD_01_30_2003-EX-10-LICENCE_AND_MAINTENANCE_AGREEMENT.txt,105748,16176
342,"FIDELITYNATIONALINFORMATIONSERVICES,INC_08_05_2009-EX-10.3-INTELLECTUAL PROPERTY AGREEMENT",FIDELITYNATIONALINFORMATIONSERVICES_INC_08_05_2009-EX-10_3-INTELLECTUAL_PROPERTY_AGREEMENT.txt,data/raw/FIDELITYNATIONALINFORMATIONSERVICES_INC_08_05_2009-EX-10_3-INTELLECTUAL_PROPERTY_AGREEMENT.txt,155463,19341
343,WatchitMediaInc_20061201_8-K_EX-10.1_4148672_EX-10.1_Content License Agreement,WatchitMediaInc_20061201_8-K_EX-10_1_4148672_EX-10_1_Content_License_Agreement.txt,data/raw/WatchitMediaInc_20061201_8-K_EX-10_1_4148672_EX-10_1_Content_License_Agreement.txt,2106,342
344,TRUENORTHENERGYCORP_02_08_2007-EX-10.1-DEVELOPMENT AGREEMENT,TRUENORTHENERGYCORP_02_08_2007-EX-10_1-DEVELOPMENT_AGREEMENT.txt,data/raw/TRUENORTHENERGYCORP_02_08_2007-EX-10_1-DEVELOPMENT_AGREEMENT.txt,43803,6961
345,GentechHoldingsInc_20190808_1-A_EX1A-6 MAT CTRCT_11776814_EX1A-6 MAT CTRCT_Distributor Agreement,GentechHoldingsInc_20190808_1-A_EX1A-6_MAT_CTRCT_11776814_EX1A-6_MAT_CTRCT_Distributor_Agreement.txt,data/raw/GentechHoldingsInc_20190808_1-A_EX1A-6_MAT_CTRCT_11776814_EX1A-6_MAT_CTRCT_Distributor_Agreement.txt,26733,4097
346,TICKETSCOMINC_06_22_1999-EX-10.22-SPONSORSHIP AGREEMENT,TICKETSCOMINC_06_22_1999-EX-10_22-SPONSORSHIP_AGREEMENT.txt,data/raw/TICKETSCOMINC_06_22_1999-EX-10_22-SPONSORSHIP_AGREEMENT.txt,8080,1155
347,"ADMA BioManufacturing, LLC -  Amendment #3 to Manufacturing Agreement ",ADMA_BioManufacturing__LLC_-__Amendment__3_to_Manufacturing_Agreement_.txt,data/raw/ADMA_BioManufacturing__LLC_-__Amendment__3_to_Manufacturing_Agreement_.txt,15312,2478
348,OFGBANCORP_03_28_2007-EX-10.23-OUTSOURCING AGREEMENT,OFGBANCORP_03_28_2007-EX-10_23-OUTSOURCING_AGREEMENT.txt,data/raw/OFGBANCORP_03_28_2007-EX-10_23-OUTSOURCING_AGREEMENT.txt,159336,24004
349,"OMINTO,INC_03_29_2004-EX-10-RESELLER AGREEMENT",OMINTO_INC_03_29_2004-EX-10-RESELLER_AGREEMENT.txt,data/raw/OMINTO_INC_03_29_2004-EX-10-RESELLER_AGREEMENT.txt,28463,3983
350,"DUOSTECHNOLOGIESGROUP,INC_04_21_2009-EX-10.1-STRATEGIC ALLIANCE AGREEMENT",DUOSTECHNOLOGIESGROUP_INC_04_21_2009-EX-10_1-STRATEGIC_ALLIANCE_AGREEMENT.txt,data/raw/DUOSTECHNOLOGIESGROUP_INC_04_21_2009-EX-10_1-STRATEGIC_ALLIANCE_AGREEMENT.txt,46298,7148
351,OLDAPIWIND-DOWNLTD_01_08_2016-EX-1.3-AGENCY AGREEMENT1,OLDAPIWIND-DOWNLTD_01_08_2016-EX-1_3-AGENCY_AGREEMENT1.txt,data/raw/OLDAPIWIND-DOWNLTD_01_08_2016-EX-1_3-AGENCY_AGREEMENT1.txt,98009,15521
352,"ADIANUTRITION,INC_04_01_2005-EX-10.D2-RESELLER AGREEMENT",ADIANUTRITION_INC_04_01_2005-EX-10_D2-RESELLER_AGREEMENT.txt,data/raw/ADIANUTRITION_INC_04_01_2005-EX-10_D2-RESELLER_AGREEMENT.txt,26347,4051
353,"ATHENSBANCSHARESCORP_11_02_2009-EX-1.2-AGENCY AGREEMENT , 2009",ATHENSBANCSHARESCORP_11_02_2009-EX-1_2-AGENCY_AGREEMENT___2009.txt,data/raw/ATHENSBANCSHARESCORP_11_02_2009-EX-1_2-AGENCY_AGREEMENT___2009.txt,145307,23419
354,"GSITECHNOLOGYINC_11_16_2009-EX-10.2-INTELLECTUAL PROPERTY AGREEMENT between SONY ELECTRONICS INC. and GSI TECHNOLOGY, INC.",GSITECHNOLOGYINC_11_16_2009-EX-10_2-INTELLECTUAL_PROPERTY_AGREEMENT_between_SONY_ELECTRONICS_INC__and_GSI_TECHNOLOGY__INC_.txt,data/raw/GSITECHNOLOGYINC_11_16_2009-EX-10_2-INTELLECTUAL_PROPERTY_AGREEMENT_between_SONY_ELECTRONICS_INC__and_GSI_TECHNOLOGY__INC_.txt,37337,5558
355,MusclepharmCorp_20170208_10-KA_EX-10.38_9893581_EX-10.38_Co-Branding Agreement,MusclepharmCorp_20170208_10-KA_EX-10_38_9893581_EX-10_38_Co-Branding_Agreement.txt,data/raw/MusclepharmCorp_20170208_10-KA_EX-10_38_9893581_EX-10_38_Co-Branding_Agreement.txt,87795,13393
356,"PAXMEDICA,INC_07_02_2020-EX-10.12-Master Service Agreement",PAXMEDICA_INC_07_02_2020-EX-10_12-Master_Service_Agreement.txt,data/raw/PAXMEDICA_INC_07_02_2020-EX-10_12-Master_Service_Agreement.txt,16792,2694
357,SoupmanInc_20150814_8-K_EX-10.1_9230148_EX-10.1_Franchise Agreement3,SoupmanInc_20150814_8-K_EX-10_1_9230148_EX-10_1_Franchise_Agreement3.txt,data/raw/SoupmanInc_20150814_8-K_EX-10_1_9230148_EX-10_1_Franchise_Agreement3.txt,2974,438
358,MOVADOGROUPINC_04_30_2003-EX-10.28-ENDORSEMENT AGREEMENT,MOVADOGROUPINC_04_30_2003-EX-10_28-ENDORSEMENT_AGREEMENT.txt,data/raw/MOVADOGROUPINC_04_30_2003-EX-10_28-ENDORSEMENT_AGREEMENT.txt,17627,2710
359,StaarSurgicalCompany_20180801_10-Q_EX-10.37_11289449_EX-10.37_Distributor Agreement,StaarSurgicalCompany_20180801_10-Q_EX-10_37_11289449_EX-10_37_Distributor_Agreement.txt,data/raw/StaarSurgicalCompany_20180801_10-Q_EX-10_37_11289449_EX-10_37_Distributor_Agreement.txt,49760,7649
360,EmeraldHealthBioceuticalsInc_20200218_1-A_EX1A-6 MAT CTRCT_11987205_EX1A-6 MAT CTRCT_Development Agreement,EmeraldHealthBioceuticalsInc_20200218_1-A_EX1A-6_MAT_CTRCT_11987205_EX1A-6_MAT_CTRCT_Development_Agreement.txt,data/raw/EmeraldHealthBioceuticalsInc_20200218_1-A_EX1A-6_MAT_CTRCT_11987205_EX1A-6_MAT_CTRCT_Development_Agreement.txt,16459,2606
361,"DRIVENDELIVERIES,INC_05_22_2020-EX-10.4-CONSULTING AGREEMENT",DRIVENDELIVERIES_INC_05_22_2020-EX-10_4-CONSULTING_AGREEMENT.txt,data/raw/DRIVENDELIVERIES_INC_05_22_2020-EX-10_4-CONSULTING_AGREEMENT.txt,27899,4188
362,STAMPSCOMINC_06_24_1999-EX-10.18-SPONSORSHIP AGREEMENT,STAMPSCOMINC_06_24_1999-EX-10_18-SPONSORSHIP_AGREEMENT.txt,data/raw/STAMPSCOMINC_06_24_1999-EX-10_18-SPONSORSHIP_AGREEMENT.txt,40856,5496
363,BEYONDCOMCORP_08_03_2000-EX-10.2-CO-HOSTING AGREEMENT,BEYONDCOMCORP_08_03_2000-EX-10_2-CO-HOSTING_AGREEMENT.txt,data/raw/BEYONDCOMCORP_08_03_2000-EX-10_2-CO-HOSTING_AGREEMENT.txt,58300,7991
364,CHEETAHMOBILEINC_04_22_2014-EX-10.43-Cooperation Agreement,CHEETAHMOBILEINC_04_22_2014-EX-10_43-Cooperation_Agreement.txt,data/raw/CHEETAHMOBILEINC_04_22_2014-EX-10_43-Cooperation_Agreement.txt,39177,6230
365,ClickstreamCorp_20200330_1-A_EX1A-6 MAT CTRCT_12089935_EX1A-6 MAT CTRCT_Development Agreement,ClickstreamCorp_20200330_1-A_EX1A-6_MAT_CTRCT_12089935_EX1A-6_MAT_CTRCT_Development_Agreement.txt,data/raw/ClickstreamCorp_20200330_1-A_EX1A-6_MAT_CTRCT_12089935_EX1A-6_MAT_CTRCT_Development_Agreement.txt,34191,5445
366,NEOMEDIATECHNOLOGIESINC_12_15_2005-EX-16.1-DISTRIBUTOR AGREEMENT,NEOMEDIATECHNOLOGIESINC_12_15_2005-EX-16_1-DISTRIBUTOR_AGREEMENT.txt,data/raw/NEOMEDIATECHNOLOGIESINC_12_15_2005-EX-16_1-DISTRIBUTOR_AGREEMENT.txt,36275,4973
367,"ADUROBIOTECH,INC_06_02_2020-EX-10.7-CONSULTING AGREEMENT(1)",ADUROBIOTECH_INC_06_02_2020-EX-10_7-CONSULTING_AGREEMENT_1_.txt,data/raw/ADUROBIOTECH_INC_06_02_2020-EX-10_7-CONSULTING_AGREEMENT_1_.txt,12020,1850
368,LejuHoldingsLtd_20140121_DRS (on F-1)_EX-10.26_8473102_EX-10.26_Content License Agreement1,LejuHoldingsLtd_20140121_DRS__on_F-1__EX-10_26_8473102_EX-10_26_Content_License_Agreement1.txt,data/raw/LejuHoldingsLtd_20140121_DRS__on_F-1__EX-10_26_8473102_EX-10_26_Content_License_Agreement1.txt,46696,7198
369,"VISIUMTECHNOLOGIES,INC_10_20_2004-EX-10.20-DISTRIBUTOR AGREEMENT",VISIUMTECHNOLOGIES_INC_10_20_2004-EX-10_20-DISTRIBUTOR_AGREEMENT.txt,data/raw/VISIUMTECHNOLOGIES_INC_10_20_2004-EX-10_20-DISTRIBUTOR_AGREEMENT.txt,49784,7706
370,"HALITRON,INC_03_01_2005-EX-10.15-SPONSORSHIP AND DEVELOPMENT AGREEMENT",HALITRON_INC_03_01_2005-EX-10_15-SPONSORSHIP_AND_DEVELOPMENT_AGREEMENT.txt,data/raw/HALITRON_INC_03_01_2005-EX-10_15-SPONSORSHIP_AND_DEVELOPMENT_AGREEMENT.txt,30102,4429
371,"INNOVIVA,INC_08_07_2014-EX-10.1-COLLABORATION AGREEMENT",INNOVIVA_INC_08_07_2014-EX-10_1-COLLABORATION_AGREEMENT.txt,data/raw/INNOVIVA_INC_08_07_2014-EX-10_1-COLLABORATION_AGREEMENT.txt,191775,28937
372,SoupmanInc_20150814_8-K_EX-10.1_9230148_EX-10.1_Franchise Agreement2,SoupmanInc_20150814_8-K_EX-10_1_9230148_EX-10_1_Franchise_Agreement2.txt,data/raw/SoupmanInc_20150814_8-K_EX-10_1_9230148_EX-10_1_Franchise_Agreement2.txt,5504,844
373,"ADUROBIOTECH,INC_06_02_2020-EX-10.7-CONSULTING AGREEMENT",ADUROBIOTECH_INC_06_02_2020-EX-10_7-CONSULTING_AGREEMENT.txt,data/raw/ADUROBIOTECH_INC_06_02_2020-EX-10_7-CONSULTING_AGREEMENT.txt,12020,1850
374,CybergyHoldingsInc_20140520_10-Q_EX-10.27_8605784_EX-10.27_Affiliate Agreement,CybergyHoldingsInc_20140520_10-Q_EX-10_27_8605784_EX-10_27_Affiliate_Agreement.txt,data/raw/CybergyHoldingsInc_20140520_10-Q_EX-10_27_8605784_EX-10_27_Affiliate_Agreement.txt,33825,5326
375,MANAKOASERVICESCORP_11_21_2007-EX-7.5-STRATEGIC ALLIANCE AGREEMENT,MANAKOASERVICESCORP_11_21_2007-EX-7_5-STRATEGIC_ALLIANCE_AGREEMENT.txt,data/raw/MANAKOASERVICESCORP_11_21_2007-EX-7_5-STRATEGIC_ALLIANCE_AGREEMENT.txt,14879,2355
376,WestPharmaceuticalServicesInc_20200116_8-K_EX-10.1_11947529_EX-10.1_Supply Agreement,WestPharmaceuticalServicesInc_20200116_8-K_EX-10_1_11947529_EX-10_1_Supply_Agreement.txt,data/raw/WestPharmaceuticalServicesInc_20200116_8-K_EX-10_1_11947529_EX-10_1_Supply_Agreement.txt,82898,12651
377,PANDIONTHERAPEUTICSHOLDCOLLC_05_22_2020-EX-10.17-CONSULTING AGREEMENT,PANDIONTHERAPEUTICSHOLDCOLLC_05_22_2020-EX-10_17-CONSULTING_AGREEMENT.txt,data/raw/PANDIONTHERAPEUTICSHOLDCOLLC_05_22_2020-EX-10_17-CONSULTING_AGREEMENT.txt,22730,3527
378,FLOTEKINDUSTRIESINCCN_05_09_2019-EX-10.1-SUPPLY AGREEMENT,FLOTEKINDUSTRIESINCCN_05_09_2019-EX-10_1-SUPPLY_AGREEMENT.txt,data/raw/FLOTEKINDUSTRIESINCCN_05_09_2019-EX-10_1-SUPPLY_AGREEMENT.txt,19355,3037
379,EUROPEANMICROHOLDINGSINC_03_06_1998-EX-10.6-DISTRIBUTOR AGREEMENT,EUROPEANMICROHOLDINGSINC_03_06_1998-EX-10_6-DISTRIBUTOR_AGREEMENT.txt,data/raw/EUROPEANMICROHOLDINGSINC_03_06_1998-EX-10_6-DISTRIBUTOR_AGREEMENT.txt,56952,7939
380,BizzingoInc_20120322_8-K_EX-10.17_7504499_EX-10.17_Endorsement Agreement,BizzingoInc_20120322_8-K_EX-10_17_7504499_EX-10_17_Endorsement_Agreement.txt,data/raw/BizzingoInc_20120322_8-K_EX-10_17_7504499_EX-10_17_Endorsement_Agreement.txt,24223,3696
381,KitovPharmaLtd_20190326_20-F_EX-4.15_11584449_EX-4.15_Manufacturing Agreement,KitovPharmaLtd_20190326_20-F_EX-4_15_11584449_EX-4_15_Manufacturing_Agreement.txt,data/raw/KitovPharmaLtd_20190326_20-F_EX-4_15_11584449_EX-4_15_Manufacturing_Agreement.txt,57436,8964
382,BellringBrandsInc_20190920_S-1_EX-10.12_11817081_EX-10.12_Manufacturing Agreement3,BellringBrandsInc_20190920_S-1_EX-10_12_11817081_EX-10_12_Manufacturing_Agreement3.txt,data/raw/BellringBrandsInc_20190920_S-1_EX-10_12_11817081_EX-10_12_Manufacturing_Agreement3.txt,8024,1240
383,GOCALLINC_03_30_2000-EX-10.7-Promotion Agreement,GOCALLINC_03_30_2000-EX-10_7-Promotion_Agreement.txt,data/raw/GOCALLINC_03_30_2000-EX-10_7-Promotion_Agreement.txt,22348,2983
384,LEJUHOLDINGSLTD_03_12_2014-EX-10.34-INTERNET CHANNEL COOPERATION AGREEMENT,LEJUHOLDINGSLTD_03_12_2014-EX-10_34-INTERNET_CHANNEL_COOPERATION_AGREEMENT.txt,data/raw/LEJUHOLDINGSLTD_03_12_2014-EX-10_34-INTERNET_CHANNEL_COOPERATION_AGREEMENT.txt,37031,5930
385,BLACKSTONEGSOLONG-SHORTCREDITINCOMEFUND_05_11_2020-EX-99.(K)(1)-SERVICE AGREEMENT,BLACKSTONEGSOLONG-SHORTCREDITINCOMEFUND_05_11_2020-EX-99__K__1_-SERVICE_AGREEMENT.txt,data/raw/BLACKSTONEGSOLONG-SHORTCREDITINCOMEFUND_05_11_2020-EX-99__K__1_-SERVICE_AGREEMENT.txt,52334,8073
386,PHLVARIABLEINSURANCECOCT_08_17_2009-EX-10.1-STRATEGIC ALLIANCE AGREEMENT,PHLVARIABLEINSURANCECOCT_08_17_2009-EX-10_1-STRATEGIC_ALLIANCE_AGREEMENT.txt,data/raw/PHLVARIABLEINSURANCECOCT_08_17_2009-EX-10_1-STRATEGIC_ALLIANCE_AGREEMENT.txt,100746,15724
387,"MEETGROUP,INC_06_29_2017-EX-10.1-COOPERATION AGREEMENT",MEETGROUP_INC_06_29_2017-EX-10_1-COOPERATION_AGREEMENT.txt,data/raw/MEETGROUP_INC_06_29_2017-EX-10_1-COOPERATION_AGREEMENT.txt,59532,9394
388,GluMobileInc_20070319_S-1A_EX-10.09_436630_EX-10.09_Content License Agreement3,GluMobileInc_20070319_S-1A_EX-10_09_436630_EX-10_09_Content_License_Agreement3.txt,data/raw/GluMobileInc_20070319_S-1A_EX-10_09_436630_EX-10_09_Content_License_Agreement3.txt,3422,545
389,ADAPTIMMUNETHERAPEUTICSPLC_04_06_2017-EX-10.11-STRATEGIC ALLIANCE AGREEMENT,ADAPTIMMUNETHERAPEUTICSPLC_04_06_2017-EX-10_11-STRATEGIC_ALLIANCE_AGREEMENT.txt,data/raw/ADAPTIMMUNETHERAPEUTICSPLC_04_06_2017-EX-10_11-STRATEGIC_ALLIANCE_AGREEMENT.txt,101167,15471
390,ENTRUSTINC_07_24_1998-EX-10.5-STRATEGIC ALLIANCE AGREEMENT,ENTRUSTINC_07_24_1998-EX-10_5-STRATEGIC_ALLIANCE_AGREEMENT.txt,data/raw/ENTRUSTINC_07_24_1998-EX-10_5-STRATEGIC_ALLIANCE_AGREEMENT.txt,45879,5893
391,SYKESHEALTHPLANSERVICESINC_04_24_1998-EX-10.14-OUTSOURCING AGREEMENT,SYKESHEALTHPLANSERVICESINC_04_24_1998-EX-10_14-OUTSOURCING_AGREEMENT.txt,data/raw/SYKESHEALTHPLANSERVICESINC_04_24_1998-EX-10_14-OUTSOURCING_AGREEMENT.txt,12852,1876
392,NATIONALPROCESSINGINC_07_18_1996-EX-10.4-SPONSORSHIP AGREEMENT,NATIONALPROCESSINGINC_07_18_1996-EX-10_4-SPONSORSHIP_AGREEMENT.txt,data/raw/NATIONALPROCESSINGINC_07_18_1996-EX-10_4-SPONSORSHIP_AGREEMENT.txt,32860,4359
393,"MFAFINANCIAL,INC_07_06_2020-EX-99.D-JOINT FILING AGREEMENT",MFAFINANCIAL_INC_07_06_2020-EX-99_D-JOINT_FILING_AGREEMENT.txt,data/raw/MFAFINANCIAL_INC_07_06_2020-EX-99_D-JOINT_FILING_AGREEMENT.txt,3595,578
394,SimplicityEsportsGamingCompany_20181130_8-K_EX-10.1_11444071_EX-10.1_Franchise Agreement,SimplicityEsportsGamingCompany_20181130_8-K_EX-10_1_11444071_EX-10_1_Franchise_Agreement.txt,data/raw/SimplicityEsportsGamingCompany_20181130_8-K_EX-10_1_11444071_EX-10_1_Franchise_Agreement.txt,28529,4347
395,QIWI_06_16_2017-EX-99.(D)(2)-COOPERATION AGREEMENT,QIWI_06_16_2017-EX-99__D__2_-COOPERATION_AGREEMENT.txt,data/raw/QIWI_06_16_2017-EX-99__D__2_-COOPERATION_AGREEMENT.txt,26192,4170
396,RemarkHoldingsInc_20081114_10-Q_EX-10.24_2895649_EX-10.24_Content License Agreement,RemarkHoldingsInc_20081114_10-Q_EX-10_24_2895649_EX-10_24_Content_License_Agreement.txt,data/raw/RemarkHoldingsInc_20081114_10-Q_EX-10_24_2895649_EX-10_24_Content_License_Agreement.txt,59089,9178
397,CnsPharmaceuticalsInc_20200326_8-K_EX-10.1_12079626_EX-10.1_Development Agreement,CnsPharmaceuticalsInc_20200326_8-K_EX-10_1_12079626_EX-10_1_Development_Agreement.txt,data/raw/CnsPharmaceuticalsInc_20200326_8-K_EX-10_1_12079626_EX-10_1_Development_Agreement.txt,20791,3260
398,GluMobileInc_20070319_S-1A_EX-10.09_436630_EX-10.09_Content License Agreement2,GluMobileInc_20070319_S-1A_EX-10_09_436630_EX-10_09_Content_License_Agreement2.txt,data/raw/GluMobileInc_20070319_S-1A_EX-10_09_436630_EX-10_09_Content_License_Agreement2.txt,11954,1853
399,PROFOUNDMEDICALCORP_08_29_2019-EX-4.5-SUPPLY AGREEMENT,PROFOUNDMEDICALCORP_08_29_2019-EX-4_5-SUPPLY_AGREEMENT.txt,data/raw/PROFOUNDMEDICALCORP_08_29_2019-EX-4_5-SUPPLY_AGREEMENT.txt,66442,10152
400,TRICITYBANKSHARESCORP_05_15_1998-EX-10-OUTSOURCING AGREEMENT,TRICITYBANKSHARESCORP_05_15_1998-EX-10-OUTSOURCING_AGREEMENT.txt,data/raw/TRICITYBANKSHARESCORP_05_15_1998-EX-10-OUTSOURCING_AGREEMENT.txt,101639,15402
401,"BLUEHILLSBANCORP,INC_05_20_2014-EX-1.1-AGENCY AGREEMENT",BLUEHILLSBANCORP_INC_05_20_2014-EX-1_1-AGENCY_AGREEMENT.txt,data/raw/BLUEHILLSBANCORP_INC_05_20_2014-EX-1_1-AGENCY_AGREEMENT.txt,130742,21046
402,GarrettMotionInc_20181001_8-K_EX-2.4_11364532_EX-2.4_Intellectual Property Agreement,GarrettMotionInc_20181001_8-K_EX-2_4_11364532_EX-2_4_Intellectual_Property_Agreement.txt,data/raw/GarrettMotionInc_20181001_8-K_EX-2_4_11364532_EX-2_4_Intellectual_Property_Agreement.txt,56509,8757
403,TheglobeComInc_19990503_S-1A_EX-10.20_5416126_EX-10.20_Co-Branding Agreement,TheglobeComInc_19990503_S-1A_EX-10_20_5416126_EX-10_20_Co-Branding_Agreement.txt,data/raw/TheglobeComInc_19990503_S-1A_EX-10_20_5416126_EX-10_20_Co-Branding_Agreement.txt,48004,6614
404,EmbarkComInc_19991008_S-1A_EX-10.10_6487661_EX-10.10_Co-Branding Agreement,EmbarkComInc_19991008_S-1A_EX-10_10_6487661_EX-10_10_Co-Branding_Agreement.txt,data/raw/EmbarkComInc_19991008_S-1A_EX-10_10_6487661_EX-10_10_Co-Branding_Agreement.txt,35136,5039
405,"HC2HOLDINGS,INC_05_14_2020-EX-10.1-COOPERATION AGREEMENT",HC2HOLDINGS_INC_05_14_2020-EX-10_1-COOPERATION_AGREEMENT.txt,data/raw/HC2HOLDINGS_INC_05_14_2020-EX-10_1-COOPERATION_AGREEMENT.txt,54866,8562
406,TRANSMONTAIGNEPARTNERSLLC_03_13_2020-EX-10.9-SERVICES AGREEMENT,TRANSMONTAIGNEPARTNERSLLC_03_13_2020-EX-10_9-SERVICES_AGREEMENT.txt,data/raw/TRANSMONTAIGNEPARTNERSLLC_03_13_2020-EX-10_9-SERVICES_AGREEMENT.txt,5886,880
407,"COOLTECHNOLOGIES,INC_10_25_2017-EX-10.71-Strategic Alliance Agreement",COOLTECHNOLOGIES_INC_10_25_2017-EX-10_71-Strategic_Alliance_Agreement.txt,data/raw/COOLTECHNOLOGIES_INC_10_25_2017-EX-10_71-Strategic_Alliance_Agreement.txt,13548,2154
408,Monsanto Company - SECOND A_R EXCLUSIVE AGENCY AND MARKETING AGREEMENT ,Monsanto_Company_-_SECOND_A_R_EXCLUSIVE_AGENCY_AND_MARKETING_AGREEMENT_.txt,data/raw/Monsanto_Company_-_SECOND_A_R_EXCLUSIVE_AGENCY_AND_MARKETING_AGREEMENT_.txt,221382,33833
409,ALLIANCEBANCORPINCOFPENNSYLVANIA_10_18_2006-EX-1.2-AGENCY AGREEMENT,ALLIANCEBANCORPINCOFPENNSYLVANIA_10_18_2006-EX-1_2-AGENCY_AGREEMENT.txt,data/raw/ALLIANCEBANCORPINCOFPENNSYLVANIA_10_18_2006-EX-1_2-AGENCY_AGREEMENT.txt,130256,20957
410,XpresspaGroupInc_20190401_10-K_EX-10.28_11599457_EX-10.28_Marketing Agreement,XpresspaGroupInc_20190401_10-K_EX-10_28_11599457_EX-10_28_Marketing_Agreement.txt,data/raw/XpresspaGroupInc_20190401_10-K_EX-10_28_11599457_EX-10_28_Marketing_Agreement.txt,52106,8460
411,ElPolloLocoHoldingsInc_20200306_10-K_EX-10.16_12041700_EX-10.16_Development Agreement,ElPolloLocoHoldingsInc_20200306_10-K_EX-10_16_12041700_EX-10_16_Development_Agreement.txt,data/raw/ElPolloLocoHoldingsInc_20200306_10-K_EX-10_16_12041700_EX-10_16_Development_Agreement.txt,60618,9315
412,BellringBrandsInc_20190920_S-1_EX-10.12_11817081_EX-10.12_Manufacturing Agreement2,BellringBrandsInc_20190920_S-1_EX-10_12_11817081_EX-10_12_Manufacturing_Agreement2.txt,data/raw/BellringBrandsInc_20190920_S-1_EX-10_12_11817081_EX-10_12_Manufacturing_Agreement2.txt,2274,344
413,IdeanomicsInc_20160330_10-K_EX-10.26_9512211_EX-10.26_Content License Agreement,IdeanomicsInc_20160330_10-K_EX-10_26_9512211_EX-10_26_Content_License_Agreement.txt,data/raw/IdeanomicsInc_20160330_10-K_EX-10_26_9512211_EX-10_26_Content_License_Agreement.txt,40866,6321
414,BIOAMBERINC_04_10_2013-EX-10.34-DEVELOPMENT AGREEMENT (1),BIOAMBERINC_04_10_2013-EX-10_34-DEVELOPMENT_AGREEMENT__1_.txt,data/raw/BIOAMBERINC_04_10_2013-EX-10_34-DEVELOPMENT_AGREEMENT__1_.txt,38733,5818
415,ACCELERATEDTECHNOLOGIESHOLDINGCORP_04_24_2003-EX-10.13-JOINT VENTURE AGREEMENT,ACCELERATEDTECHNOLOGIESHOLDINGCORP_04_24_2003-EX-10_13-JOINT_VENTURE_AGREEMENT.txt,data/raw/ACCELERATEDTECHNOLOGIESHOLDINGCORP_04_24_2003-EX-10_13-JOINT_VENTURE_AGREEMENT.txt,13038,1911
416,PrudentialBancorpInc_20170606_8-K_EX-10.4_10474434_EX-10.4_Endorsement Agreement,PrudentialBancorpInc_20170606_8-K_EX-10_4_10474434_EX-10_4_Endorsement_Agreement.txt,data/raw/PrudentialBancorpInc_20170606_8-K_EX-10_4_10474434_EX-10_4_Endorsement_Agreement.txt,14155,2264
417,SEASPINEHOLDINGSCORP_10_10_2018-EX-10.1-SUPPLY AGREEMENT,SEASPINEHOLDINGSCORP_10_10_2018-EX-10_1-SUPPLY_AGREEMENT.txt,data/raw/SEASPINEHOLDINGSCORP_10_10_2018-EX-10_1-SUPPLY_AGREEMENT.txt,70898,10675
418,"BERKELEYLIGHTS,INC_06_26_2020-EX-10.12-COLLABORATION AGREEMENT",BERKELEYLIGHTS_INC_06_26_2020-EX-10_12-COLLABORATION_AGREEMENT.txt,data/raw/BERKELEYLIGHTS_INC_06_26_2020-EX-10_12-COLLABORATION_AGREEMENT.txt,209067,32708
419,UnionDentalHoldingsInc_20050204_8-KA_EX-10_3345577_EX-10_Affiliate Agreement,UnionDentalHoldingsInc_20050204_8-KA_EX-10_3345577_EX-10_Affiliate_Agreement.txt,data/raw/UnionDentalHoldingsInc_20050204_8-KA_EX-10_3345577_EX-10_Affiliate_Agreement.txt,14083,1850
420,WOMENSGOLFUNLIMITEDINC_03_29_2000-EX-10.13-ENDORSEMENT AGREEMENT - Intellectual Property Rights                 Confidentiality and Non-Use Obligations Agreement,WOMENSGOLFUNLIMITEDINC_03_29_2000-EX-10_13-ENDORSEMENT_AGREEMENT_-_Intellectual_Property_Rights_________________Confidentiality_and_Non-Use_Obligations_Agreement.txt,data/raw/WOMENSGOLFUNLIMITEDINC_03_29_2000-EX-10_13-ENDORSEMENT_AGREEMENT_-_Intellectual_Property_Rights_________________Confidentiality_and_Non-Use_Obligations_Agreement.txt,7042,940
421,SPHERE3DCORP_06_24_2020-EX-10.12-CONSULTING AGREEMENT,SPHERE3DCORP_06_24_2020-EX-10_12-CONSULTING_AGREEMENT.txt,data/raw/SPHERE3DCORP_06_24_2020-EX-10_12-CONSULTING_AGREEMENT.txt,12394,1897
422,ENTERPRISEPRODUCTSPARTNERSLP_07_08_1998-EX-10.3-TRANSPORTATION CONTRACT,ENTERPRISEPRODUCTSPARTNERSLP_07_08_1998-EX-10_3-TRANSPORTATION_CONTRACT.txt,data/raw/ENTERPRISEPRODUCTSPARTNERSLP_07_08_1998-EX-10_3-TRANSPORTATION_CONTRACT.txt,74915,11141
423,HerImports_20161018_8-KA_EX-10.14_9765707_EX-10.14_Maintenance Agreement,HerImports_20161018_8-KA_EX-10_14_9765707_EX-10_14_Maintenance_Agreement.txt,data/raw/HerImports_20161018_8-KA_EX-10_14_9765707_EX-10_14_Maintenance_Agreement.txt,10217,1595
424,PROLONGINTERNATIONALCORP_03_23_1998-EX-10.16-SPONSORSHIP AGREEMENT,PROLONGINTERNATIONALCORP_03_23_1998-EX-10_16-SPONSORSHIP_AGREEMENT.txt,data/raw/PROLONGINTERNATIONALCORP_03_23_1998-EX-10_16-SPONSORSHIP_AGREEMENT.txt,14969,2180
425,DYNTEKINC_07_30_1999-EX-10-ONLINE HOSTING AGREEMENT,DYNTEKINC_07_30_1999-EX-10-ONLINE_HOSTING_AGREEMENT.txt,data/raw/DYNTEKINC_07_30_1999-EX-10-ONLINE_HOSTING_AGREEMENT.txt,25214,4009
426,ALAMOGORDOFINANCIALCORP_12_16_1999-EX-1-AGENCY AGREEMENT,ALAMOGORDOFINANCIALCORP_12_16_1999-EX-1-AGENCY_AGREEMENT.txt,data/raw/ALAMOGORDOFINANCIALCORP_12_16_1999-EX-1-AGENCY_AGREEMENT.txt,143307,18815
427,StampscomInc_20001114_10-Q_EX-10.47_2631630_EX-10.47_Co-Branding Agreement,StampscomInc_20001114_10-Q_EX-10_47_2631630_EX-10_47_Co-Branding_Agreement.txt,data/raw/StampscomInc_20001114_10-Q_EX-10_47_2631630_EX-10_47_Co-Branding_Agreement.txt,87014,11730
428,InvendaCorp_20000828_S-1A_EX-10.2_2588206_EX-10.2_Co-Branding Agreement,InvendaCorp_20000828_S-1A_EX-10_2_2588206_EX-10_2_Co-Branding_Agreement.txt,data/raw/InvendaCorp_20000828_S-1A_EX-10_2_2588206_EX-10_2_Co-Branding_Agreement.txt,114759,14682
429,WebmdHealthCorp_20050908_S-1A_EX-10.7_1027007_EX-10.7_Content License Agreement,WebmdHealthCorp_20050908_S-1A_EX-10_7_1027007_EX-10_7_Content_License_Agreement.txt,data/raw/WebmdHealthCorp_20050908_S-1A_EX-10_7_1027007_EX-10_7_Content_License_Agreement.txt,14993,2356
430,SANDRIDGEENERGYINC_08_06_2009-EX-10.6-OPERATIONS AND MAINTENANCE AGREEMENT,SANDRIDGEENERGYINC_08_06_2009-EX-10_6-OPERATIONS_AND_MAINTENANCE_AGREEMENT.txt,data/raw/SANDRIDGEENERGYINC_08_06_2009-EX-10_6-OPERATIONS_AND_MAINTENANCE_AGREEMENT.txt,73119,10964
431,ON4COMMUNICATIONSINC_07_02_2009-EX-10.1-PROMOTION AGREEMENT,ON4COMMUNICATIONSINC_07_02_2009-EX-10_1-PROMOTION_AGREEMENT.txt,data/raw/ON4COMMUNICATIONSINC_07_02_2009-EX-10_1-PROMOTION_AGREEMENT.txt,15103,2349
432,GluMobileInc_20070319_S-1A_EX-10.09_436630_EX-10.09_Content License Agreement1,GluMobileInc_20070319_S-1A_EX-10_09_436630_EX-10_09_Content_License_Agreement1.txt,data/raw/GluMobileInc_20070319_S-1A_EX-10_09_436630_EX-10_09_Content_License_Agreement1.txt,112794,17147
433,HfEnterprisesInc_20191223_S-1_EX-10.22_11931299_EX-10.22_Development Agreement,HfEnterprisesInc_20191223_S-1_EX-10_22_11931299_EX-10_22_Development_Agreement.txt,data/raw/HfEnterprisesInc_20191223_S-1_EX-10_22_11931299_EX-10_22_Development_Agreement.txt,19435,2923
434,ICORECONNECTINC_10_13_2010-EX-7.1-Strategic Alliance Agreement,ICORECONNECTINC_10_13_2010-EX-7_1-Strategic_Alliance_Agreement.txt,data/raw/ICORECONNECTINC_10_13_2010-EX-7_1-Strategic_Alliance_Agreement.txt,25246,3913
435,BANUESTRAFINANCIALCORP_09_08_2006-EX-10.16-AGENCY AGREEMENT,BANUESTRAFINANCIALCORP_09_08_2006-EX-10_16-AGENCY_AGREEMENT.txt,data/raw/BANUESTRAFINANCIALCORP_09_08_2006-EX-10_16-AGENCY_AGREEMENT.txt,45214,7308
436,ArtaraTherapeuticsInc_20200110_8-K_EX-10.5_11943350_EX-10.5_License Agreement,ArtaraTherapeuticsInc_20200110_8-K_EX-10_5_11943350_EX-10_5_License_Agreement.txt,data/raw/ArtaraTherapeuticsInc_20200110_8-K_EX-10_5_11943350_EX-10_5_License_Agreement.txt,38330,5818
437,NlsPharmaceuticsLtd_20200228_F-1_EX-10.14_12029046_EX-10.14_Development Agreement,NlsPharmaceuticsLtd_20200228_F-1_EX-10_14_12029046_EX-10_14_Development_Agreement.txt,data/raw/NlsPharmaceuticsLtd_20200228_F-1_EX-10_14_12029046_EX-10_14_Development_Agreement.txt,67932,10546
438,TEARDROPGOLFCO_10_23_1996-EX-10.12-ENDORSEMENT AGREEMENT,TEARDROPGOLFCO_10_23_1996-EX-10_12-ENDORSEMENT_AGREEMENT.txt,data/raw/TEARDROPGOLFCO_10_23_1996-EX-10_12-ENDORSEMENT_AGREEMENT.txt,26215,3682
439,"VIRTUALSCOPICS,INC_11_12_2010-EX-10.1-STRATEGIC ALLIANCE AGREEMENT",VIRTUALSCOPICS_INC_11_12_2010-EX-10_1-STRATEGIC_ALLIANCE_AGREEMENT.txt,data/raw/VIRTUALSCOPICS_INC_11_12_2010-EX-10_1-STRATEGIC_ALLIANCE_AGREEMENT.txt,46057,7273
440,BellringBrandsInc_20190920_S-1_EX-10.12_11817081_EX-10.12_Manufacturing Agreement1,BellringBrandsInc_20190920_S-1_EX-10_12_11817081_EX-10_12_Manufacturing_Agreement1.txt,data/raw/BellringBrandsInc_20190920_S-1_EX-10_12_11817081_EX-10_12_Manufacturing_Agreement1.txt,42473,6565
441,BLUEFLYINC_03_27_2002-EX-10.27-e-business Hosting Agreement,BLUEFLYINC_03_27_2002-EX-10_27-e-business_Hosting_Agreement.txt,data/raw/BLUEFLYINC_03_27_2002-EX-10_27-e-business_Hosting_Agreement.txt,37351,5136
442,ASIANDRAGONGROUPINC_08_11_2005-EX-10.5-Reseller Agreement,ASIANDRAGONGROUPINC_08_11_2005-EX-10_5-Reseller_Agreement.txt,data/raw/ASIANDRAGONGROUPINC_08_11_2005-EX-10_5-Reseller_Agreement.txt,45002,7018
443,MANUFACTURERSSERVICESLTD_06_05_2000-EX-10.14-OUTSOURCING AGREEMENT,MANUFACTURERSSERVICESLTD_06_05_2000-EX-10_14-OUTSOURCING_AGREEMENT.txt,data/raw/MANUFACTURERSSERVICESLTD_06_05_2000-EX-10_14-OUTSOURCING_AGREEMENT.txt,338211,41962
444,LiquidmetalTechnologiesInc_20200205_8-K_EX-10.1_11968198_EX-10.1_Development Agreement,LiquidmetalTechnologiesInc_20200205_8-K_EX-10_1_11968198_EX-10_1_Development_Agreement.txt,data/raw/LiquidmetalTechnologiesInc_20200205_8-K_EX-10_1_11968198_EX-10_1_Development_Agreement.txt,83972,12529
445,PlayboyEnterprisesInc_20090220_10-QA_EX-10.2_4091580_EX-10.2_Content License Agreement_ Marketing Agreement_ Sales-Purchase Agreement2,PlayboyEnterprisesInc_20090220_10-QA_EX-10_2_4091580_EX-10_2_Content_License_Agreement__Marketing_Agreement__Sales-Purchase_Agreement2.txt,data/raw/PlayboyEnterprisesInc_20090220_10-QA_EX-10_2_4091580_EX-10_2_Content_License_Agreement__Marketing_Agreement__Sales-Purchase_Agreement2.txt,3558,526
446,ZtoExpressCaymanInc_20160930_F-1_EX-10.10_9752871_EX-10.10_Transportation Agreement,ZtoExpressCaymanInc_20160930_F-1_EX-10_10_9752871_EX-10_10_Transportation_Agreement.txt,data/raw/ZtoExpressCaymanInc_20160930_F-1_EX-10_10_9752871_EX-10_10_Transportation_Agreement.txt,9174,1468
447,ScansourceInc_20190822_10-K_EX-10.39_11793959_EX-10.39_Distributor Agreement,ScansourceInc_20190822_10-K_EX-10_39_11793959_EX-10_39_Distributor_Agreement.txt,data/raw/ScansourceInc_20190822_10-K_EX-10_39_11793959_EX-10_39_Distributor_Agreement.txt,10891,1605
448,LOOKSMARTLTD_07_20_2012-EX-99.(D)(I)-SPONSORSHIP AGREEMENT,LOOKSMARTLTD_07_20_2012-EX-99__D__I_-SPONSORSHIP_AGREEMENT.txt,data/raw/LOOKSMARTLTD_07_20_2012-EX-99__D__I_-SPONSORSHIP_AGREEMENT.txt,25922,3945
449,2ThemartComInc_19990826_10-12G_EX-10.10_6700288_EX-10.10_Co-Branding Agreement_ Agency Agreement,2ThemartComInc_19990826_10-12G_EX-10_10_6700288_EX-10_10_Co-Branding_Agreement__Agency_Agreement.txt,data/raw/2ThemartComInc_19990826_10-12G_EX-10_10_6700288_EX-10_10_Co-Branding_Agreement__Agency_Agreement.txt,29454,4467
450,MOELIS_CO_03_24_2014-EX-10.19-STRATEGIC ALLIANCE AGREEMENT,MOELIS_CO_03_24_2014-EX-10_19-STRATEGIC_ALLIANCE_AGREEMENT.txt,data/raw/MOELIS_CO_03_24_2014-EX-10_19-STRATEGIC_ALLIANCE_AGREEMENT.txt,122054,18625
451,XYBERNAUTCORP_07_12_2002-EX-4-SPONSORSHIP AGREEMENT,XYBERNAUTCORP_07_12_2002-EX-4-SPONSORSHIP_AGREEMENT.txt,data/raw/XYBERNAUTCORP_07_12_2002-EX-4-SPONSORSHIP_AGREEMENT.txt,48489,6661
452,"CARDAX,INC_08_19_2014-EX-10.1-COLLABORATION AGREEMENT",CARDAX_INC_08_19_2014-EX-10_1-COLLABORATION_AGREEMENT.txt,data/raw/CARDAX_INC_08_19_2014-EX-10_1-COLLABORATION_AGREEMENT.txt,56539,8586
453,PcquoteComInc_19990721_S-1A_EX-10.11_6377149_EX-10.11_Co-Branding Agreement2,PcquoteComInc_19990721_S-1A_EX-10_11_6377149_EX-10_11_Co-Branding_Agreement2.txt,data/raw/PcquoteComInc_19990721_S-1A_EX-10_11_6377149_EX-10_11_Co-Branding_Agreement2.txt,857,123
454,"MACY_S,INC_05_11_2020-EX-99.4-JOINT FILING AGREEMENT",MACY_S_INC_05_11_2020-EX-99_4-JOINT_FILING_AGREEMENT.txt,data/raw/MACY_S_INC_05_11_2020-EX-99_4-JOINT_FILING_AGREEMENT.txt,1397,216
455,TALCOTTRESOLUTIONLIFEINSURANCECO-SEPARATEACCOUNTTWELVE_04_30_2020-EX-99.8(L)-SERVICE AGREEMENT,TALCOTTRESOLUTIONLIFEINSURANCECO-SEPARATEACCOUNTTWELVE_04_30_2020-EX-99_8_L_-SERVICE_AGREEMENT.txt,data/raw/TALCOTTRESOLUTIONLIFEINSURANCECO-SEPARATEACCOUNTTWELVE_04_30_2020-EX-99_8_L_-SERVICE_AGREEMENT.txt,29797,4724
456,ArmstrongFlooringInc_20190107_8-K_EX-10.2_11471795_EX-10.2_Intellectual Property Agreement,ArmstrongFlooringInc_20190107_8-K_EX-10_2_11471795_EX-10_2_Intellectual_Property_Agreement.txt,data/raw/ArmstrongFlooringInc_20190107_8-K_EX-10_2_11471795_EX-10_2_Intellectual_Property_Agreement.txt,56858,8284
457,PFSFUNDS_06_26_2020-EX-99.H OTH MAT CONT-SERVICES AGREEMENT,PFSFUNDS_06_26_2020-EX-99_H_OTH_MAT_CONT-SERVICES_AGREEMENT.txt,data/raw/PFSFUNDS_06_26_2020-EX-99_H_OTH_MAT_CONT-SERVICES_AGREEMENT.txt,15052,2435
458,WaterNowInc_20191120_10-Q_EX-10.12_11900227_EX-10.12_Distributor Agreement,WaterNowInc_20191120_10-Q_EX-10_12_11900227_EX-10_12_Distributor_Agreement.txt,data/raw/WaterNowInc_20191120_10-Q_EX-10_12_11900227_EX-10_12_Distributor_Agreement.txt,48412,7396
459,MTITECHNOLOGYCORP_11_16_2004-EX-10.102-Reseller Agreement Premier Addendum,MTITECHNOLOGYCORP_11_16_2004-EX-10_102-Reseller_Agreement_Premier_Addendum.txt,data/raw/MTITECHNOLOGYCORP_11_16_2004-EX-10_102-Reseller_Agreement_Premier_Addendum.txt,32744,4685
460,SCOUTCAMINC_05_12_2020-EX-10.22-SERVICES AGREEMENT,SCOUTCAMINC_05_12_2020-EX-10_22-SERVICES_AGREEMENT.txt,data/raw/SCOUTCAMINC_05_12_2020-EX-10_22-SERVICES_AGREEMENT.txt,8315,1305
461,PharmagenInc_20120803_8-KA_EX-10.1_7693204_EX-10.1_Endorsement Agreement,PharmagenInc_20120803_8-KA_EX-10_1_7693204_EX-10_1_Endorsement_Agreement.txt,data/raw/PharmagenInc_20120803_8-KA_EX-10_1_7693204_EX-10_1_Endorsement_Agreement.txt,17886,2778
462,DRKOOPCOMINC_04_21_1999-EX-10.28-SPONSORSHIP AGREEMENT,DRKOOPCOMINC_04_21_1999-EX-10_28-SPONSORSHIP_AGREEMENT.txt,data/raw/DRKOOPCOMINC_04_21_1999-EX-10_28-SPONSORSHIP_AGREEMENT.txt,39177,5546
463,IMPCOTECHNOLOGIESINC_04_15_2003-EX-10.65-JOINT VENTURE AGREEMENT,IMPCOTECHNOLOGIESINC_04_15_2003-EX-10_65-JOINT_VENTURE_AGREEMENT.txt,data/raw/IMPCOTECHNOLOGIESINC_04_15_2003-EX-10_65-JOINT_VENTURE_AGREEMENT.txt,63439,10211
464,EbixInc_20010515_10-Q_EX-10.3_4049767_EX-10.3_Co-Branding Agreement,EbixInc_20010515_10-Q_EX-10_3_4049767_EX-10_3_Co-Branding_Agreement.txt,data/raw/EbixInc_20010515_10-Q_EX-10_3_4049767_EX-10_3_Co-Branding_Agreement.txt,42972,6272
465,"VNUE,INC_07_10_2015-EX-10.1-SPONSORSHIP AGREEMENT",VNUE_INC_07_10_2015-EX-10_1-SPONSORSHIP_AGREEMENT.txt,data/raw/VNUE_INC_07_10_2015-EX-10_1-SPONSORSHIP_AGREEMENT.txt,20487,3207
466,LegacyEducationAllianceInc_20141110_8-K_EX-10.9_8828866_EX-10.9_Endorsement Agreement,LegacyEducationAllianceInc_20141110_8-K_EX-10_9_8828866_EX-10_9_Endorsement_Agreement.txt,data/raw/LegacyEducationAllianceInc_20141110_8-K_EX-10_9_8828866_EX-10_9_Endorsement_Agreement.txt,19913,3149
467,EcoScienceSolutionsInc_20180406_8-K_EX-10.1_11135398_EX-10.1_Sponsorship Agreement,EcoScienceSolutionsInc_20180406_8-K_EX-10_1_11135398_EX-10_1_Sponsorship_Agreement.txt,data/raw/EcoScienceSolutionsInc_20180406_8-K_EX-10_1_11135398_EX-10_1_Sponsorship_Agreement.txt,8052,1236
468,PcquoteComInc_19990721_S-1A_EX-10.11_6377149_EX-10.11_Co-Branding Agreement3,PcquoteComInc_19990721_S-1A_EX-10_11_6377149_EX-10_11_Co-Branding_Agreement3.txt,data/raw/PcquoteComInc_19990721_S-1A_EX-10_11_6377149_EX-10_11_Co-Branding_Agreement3.txt,2558,395
469,GluMobileInc_20070319_S-1A_EX-10.09_436630_EX-10.09_Content License Agreement4,GluMobileInc_20070319_S-1A_EX-10_09_436630_EX-10_09_Content_License_Agreement4.txt,data/raw/GluMobileInc_20070319_S-1A_EX-10_09_436630_EX-10_09_Content_License_Agreement4.txt,1902,291
470,"GOOSEHEADINSURANCE,INC_04_02_2018-EX-10.6-Franchise Agreement",GOOSEHEADINSURANCE_INC_04_02_2018-EX-10_6-Franchise_Agreement.txt,data/raw/GOOSEHEADINSURANCE_INC_04_02_2018-EX-10_6-Franchise_Agreement.txt,300768,47733
471,"OPTIMIZEDTRANSPORTATIONMANAGEMENT,INC_07_26_2000-EX-6.6-DISTRIBUTOR AGREEMENT",OPTIMIZEDTRANSPORTATIONMANAGEMENT_INC_07_26_2000-EX-6_6-DISTRIBUTOR_AGREEMENT.txt,data/raw/OPTIMIZEDTRANSPORTATIONMANAGEMENT_INC_07_26_2000-EX-6_6-DISTRIBUTOR_AGREEMENT.txt,10801,1367
472,IMAGEWARESYSTEMSINC_12_20_1999-EX-10.22-MAINTENANCE AGREEMENT,IMAGEWARESYSTEMSINC_12_20_1999-EX-10_22-MAINTENANCE_AGREEMENT.txt,data/raw/IMAGEWARESYSTEMSINC_12_20_1999-EX-10_22-MAINTENANCE_AGREEMENT.txt,21778,2925
473,NakedBrandGroupInc_20150731_POS AM (on S-1)_EX-10.75_9196027_EX-10.75_Endorsement Agreement,NakedBrandGroupInc_20150731_POS_AM__on_S-1__EX-10_75_9196027_EX-10_75_Endorsement_Agreement.txt,data/raw/NakedBrandGroupInc_20150731_POS_AM__on_S-1__EX-10_75_9196027_EX-10_75_Endorsement_Agreement.txt,48410,7601
474,IdeanomicsInc_20151124_8-K_EX-10.2_9354744_EX-10.2_Content License Agreement,IdeanomicsInc_20151124_8-K_EX-10_2_9354744_EX-10_2_Content_License_Agreement.txt,data/raw/IdeanomicsInc_20151124_8-K_EX-10_2_9354744_EX-10_2_Content_License_Agreement.txt,35189,5426
475,ZONDWINDSYSTEMPARTNERSLTDSERIES85-B_04_03_2006-EX-10-MANAGEMENT AND MAINTENANCE AGREEMENT,ZONDWINDSYSTEMPARTNERSLTDSERIES85-B_04_03_2006-EX-10-MANAGEMENT_AND_MAINTENANCE_AGREEMENT.txt,data/raw/ZONDWINDSYSTEMPARTNERSLTDSERIES85-B_04_03_2006-EX-10-MANAGEMENT_AND_MAINTENANCE_AGREEMENT.txt,17712,1368
476,IbioInc_20200313_8-K_EX-10.1_12052678_EX-10.1_Development Agreement,IbioInc_20200313_8-K_EX-10_1_12052678_EX-10_1_Development_Agreement.txt,data/raw/IbioInc_20200313_8-K_EX-10_1_12052678_EX-10_1_Development_Agreement.txt,30544,4657
477,BellringBrandsInc_20190920_S-1_EX-10.12_11817081_EX-10.12_Manufacturing Agreement4,BellringBrandsInc_20190920_S-1_EX-10_12_11817081_EX-10_12_Manufacturing_Agreement4.txt,data/raw/BellringBrandsInc_20190920_S-1_EX-10_12_11817081_EX-10_12_Manufacturing_Agreement4.txt,1742,258
478,ParatekPharmaceuticalsInc_20170505_10-KA_EX-10.29_10323872_EX-10.29_Outsourcing Agreement,ParatekPharmaceuticalsInc_20170505_10-KA_EX-10_29_10323872_EX-10_29_Outsourcing_Agreement.txt,data/raw/ParatekPharmaceuticalsInc_20170505_10-KA_EX-10_29_10323872_EX-10_29_Outsourcing_Agreement.txt,114893,17726
479,JOINTCORP_09_19_2014-EX-10.15-FRANCHISE AGREEMENT,JOINTCORP_09_19_2014-EX-10_15-FRANCHISE_AGREEMENT.txt,data/raw/JOINTCORP_09_19_2014-EX-10_15-FRANCHISE_AGREEMENT.txt,167259,26623
480,VnueInc_20150914_8-K_EX-10.1_9259571_EX-10.1_Promotion Agreement,VnueInc_20150914_8-K_EX-10_1_9259571_EX-10_1_Promotion_Agreement.txt,data/raw/VnueInc_20150914_8-K_EX-10_1_9259571_EX-10_1_Promotion_Agreement.txt,10553,1634
481,NEXSTARFINANCEHOLDINGSINC_03_27_2002-EX-10.26-OUTSOURCING AGREEMENT,NEXSTARFINANCEHOLDINGSINC_03_27_2002-EX-10_26-OUTSOURCING_AGREEMENT.txt,data/raw/NEXSTARFINANCEHOLDINGSINC_03_27_2002-EX-10_26-OUTSOURCING_AGREEMENT.txt,120459,18265
482,SUNTRONCORP_05_17_2006-EX-10.22-MAINTENANCE AGREEMENT,SUNTRONCORP_05_17_2006-EX-10_22-MAINTENANCE_AGREEMENT.txt,data/raw/SUNTRONCORP_05_17_2006-EX-10_22-MAINTENANCE_AGREEMENT.txt,32263,4818
483,"SPIENERGYCO,LTD_03_09_2011-EX-99.5-OPERATIONS AND MAINTENANCE AGREEMENT",SPIENERGYCO_LTD_03_09_2011-EX-99_5-OPERATIONS_AND_MAINTENANCE_AGREEMENT.txt,data/raw/SPIENERGYCO_LTD_03_09_2011-EX-99_5-OPERATIONS_AND_MAINTENANCE_AGREEMENT.txt,54160,8153
484,SteelVaultCorp_20081224_10-K_EX-10.16_3074935_EX-10.16_Affiliate Agreement,SteelVaultCorp_20081224_10-K_EX-10_16_3074935_EX-10_16_Affiliate_Agreement.txt,data/raw/SteelVaultCorp_20081224_10-K_EX-10_16_3074935_EX-10_16_Affiliate_Agreement.txt,18157,2709
485,"PRECIGEN,INC_01_22_2020-EX-99.1-JOINT FILING AGREEMENT",PRECIGEN_INC_01_22_2020-EX-99_1-JOINT_FILING_AGREEMENT.txt,data/raw/PRECIGEN_INC_01_22_2020-EX-99_1-JOINT_FILING_AGREEMENT.txt,972,145
486,PhotronicsInc_20171219_10-QA_EX-10.28_10982650_EX-10.28_Outsourcing Agreement,PhotronicsInc_20171219_10-QA_EX-10_28_10982650_EX-10_28_Outsourcing_Agreement.txt,data/raw/PhotronicsInc_20171219_10-QA_EX-10_28_10982650_EX-10_28_Outsourcing_Agreement.txt,25392,3937
487,"KIROMICBIOPHARMA,INC_04_08_2020-EX-10.28-JOINT VENTURE AGREEMENT",KIROMICBIOPHARMA_INC_04_08_2020-EX-10_28-JOINT_VENTURE_AGREEMENT.txt,data/raw/KIROMICBIOPHARMA_INC_04_08_2020-EX-10_28-JOINT_VENTURE_AGREEMENT.txt,36610,5749
488,EMERALDHEALTHTHERAPEUTICSINC_06_10_2020-EX-4.5-CONSULTING AGREEMENT - DR. GAETANO MORELLO N.D. INC.,EMERALDHEALTHTHERAPEUTICSINC_06_10_2020-EX-4_5-CONSULTING_AGREEMENT_-_DR__GAETANO_MORELLO_N_D__INC_.txt,data/raw/EMERALDHEALTHTHERAPEUTICSINC_06_10_2020-EX-4_5-CONSULTING_AGREEMENT_-_DR__GAETANO_MORELLO_N_D__INC_.txt,20637,3192
489,PlayboyEnterprisesInc_20090220_10-QA_EX-10.2_4091580_EX-10.2_Content License Agreement_ Marketing Agreement_ Sales-Purchase Agreement1,PlayboyEnterprisesInc_20090220_10-QA_EX-10_2_4091580_EX-10_2_Content_License_Agreement__Marketing_Agreement__Sales-Purchase_Agreement1.txt,data/raw/PlayboyEnterprisesInc_20090220_10-QA_EX-10_2_4091580_EX-10_2_Content_License_Agreement__Marketing_Agreement__Sales-Purchase_Agreement1.txt,117118,17994
490,TubeMediaCorp_20060310_8-K_EX-10.1_513921_EX-10.1_Affiliate Agreement,TubeMediaCorp_20060310_8-K_EX-10_1_513921_EX-10_1_Affiliate_Agreement.txt,data/raw/TubeMediaCorp_20060310_8-K_EX-10_1_513921_EX-10_1_Affiliate_Agreement.txt,69973,10728
491,"MARSHALLHOLDINGSINTERNATIONAL,INC_04_14_2004-EX-10.15-ENDORSEMENT AGREEMENT",MARSHALLHOLDINGSINTERNATIONAL_INC_04_14_2004-EX-10_15-ENDORSEMENT_AGREEMENT.txt,data/raw/MARSHALLHOLDINGSINTERNATIONAL_INC_04_14_2004-EX-10_15-ENDORSEMENT_AGREEMENT.txt,12962,1716
492,PcquoteComInc_19990721_S-1A_EX-10.11_6377149_EX-10.11_Co-Branding Agreement1,PcquoteComInc_19990721_S-1A_EX-10_11_6377149_EX-10_11_Co-Branding_Agreement1.txt,data/raw/PcquoteComInc_19990721_S-1A_EX-10_11_6377149_EX-10_11_Co-Branding_Agreement1.txt,19851,3025
493,BLACKBOXSTOCKSINC_08_05_2014-EX-10.1-DISTRIBUTOR AGREEMENT,BLACKBOXSTOCKSINC_08_05_2014-EX-10_1-DISTRIBUTOR_AGREEMENT.txt,data/raw/BLACKBOXSTOCKSINC_08_05_2014-EX-10_1-DISTRIBUTOR_AGREEMENT.txt,17234,2706
494,ALCOSTORESINC_12_14_2005-EX-10.26-AGENCY AGREEMENT,ALCOSTORESINC_12_14_2005-EX-10_26-AGENCY_AGREEMENT.txt,data/raw/ALCOSTORESINC_12_14_2005-EX-10_26-AGENCY_AGREEMENT.txt,11355,1807
495,WARNERCHILCOTTPLC_12_31_2003-EX-4.36-DEVELOPMENT AGREEMENT,WARNERCHILCOTTPLC_12_31_2003-EX-4_36-DEVELOPMENT_AGREEMENT.txt,data/raw/WARNERCHILCOTTPLC_12_31_2003-EX-4_36-DEVELOPMENT_AGREEMENT.txt,29683,4152
496,VertexEnergyInc_20200113_8-K_EX-10.1_11943624_EX-10.1_Marketing Agreement,VertexEnergyInc_20200113_8-K_EX-10_1_11943624_EX-10_1_Marketing_Agreement.txt,data/raw/VertexEnergyInc_20200113_8-K_EX-10_1_11943624_EX-10_1_Marketing_Agreement.txt,45072,7280
497,NETZEEINC_11_14_2002-EX-10.3-MAINTENANCE AGREEMENT,NETZEEINC_11_14_2002-EX-10_3-MAINTENANCE_AGREEMENT.txt,data/raw/NETZEEINC_11_14_2002-EX-10_3-MAINTENANCE_AGREEMENT.txt,3474,464
498,REGANHOLDINGCORP_03_31_2008-EX-10-LICENSE AND HOSTING AGREEMENT,REGANHOLDINGCORP_03_31_2008-EX-10-LICENSE_AND_HOSTING_AGREEMENT.txt,data/raw/REGANHOLDINGCORP_03_31_2008-EX-10-LICENSE_AND_HOSTING_AGREEMENT.txt,55889,8824
499,INGEVITYCORP_05_16_2016-EX-10.5-INTELLECTUAL PROPERTY AGREEMENT,INGEVITYCORP_05_16_2016-EX-10_5-INTELLECTUAL_PROPERTY_AGREEMENT.txt,data/raw/INGEVITYCORP_05_16_2016-EX-10_5-INTELLECTUAL_PROPERTY_AGREEMENT.txt,63376,9967
500,MidwestEnergyEmissionsCorp_20080604_8-K_EX-10.2_3093976_EX-10.2_Content License Agreement,MidwestEnergyEmissionsCorp_20080604_8-K_EX-10_2_3093976_EX-10_2_Content_License_Agreement.txt,data/raw/MidwestEnergyEmissionsCorp_20080604_8-K_EX-10_2_3093976_EX-10_2_Content_License_Agreement.txt,33917,5199
501,"NOVOINTEGRATEDSCIENCES,INC_12_23_2019-EX-10.1-JOINT VENTURE AGREEMENT",NOVOINTEGRATEDSCIENCES_INC_12_23_2019-EX-10_1-JOINT_VENTURE_AGREEMENT.txt,data/raw/NOVOINTEGRATEDSCIENCES_INC_12_23_2019-EX-10_1-JOINT_VENTURE_AGREEMENT.txt,21955,3412
502,HYDRONTECHNOLOGIESINC_03_31_1997-EX-10.47-SPONSORSHIP AGREEMENT,HYDRONTECHNOLOGIESINC_03_31_1997-EX-10_47-SPONSORSHIP_AGREEMENT.txt,data/raw/HYDRONTECHNOLOGIESINC_03_31_1997-EX-10_47-SPONSORSHIP_AGREEMENT.txt,28932,4114
503,CcRealEstateIncomeFundadv_20181205_POS 8C_EX-99.(H)(3)_11447739_EX-99.(H)(3)_Marketing Agreement,CcRealEstateIncomeFundadv_20181205_POS_8C_EX-99__H__3__11447739_EX-99__H__3__Marketing_Agreement.txt,data/raw/CcRealEstateIncomeFundadv_20181205_POS_8C_EX-99__H__3__11447739_EX-99__H__3__Marketing_Agreement.txt,30127,4695
504,"BLUEROCKRESIDENTIALGROWTHREIT,INC_06_01_2016-EX-1.1-AGENCY AGREEMENT",BLUEROCKRESIDENTIALGROWTHREIT_INC_06_01_2016-EX-1_1-AGENCY_AGREEMENT.txt,data/raw/BLUEROCKRESIDENTIALGROWTHREIT_INC_06_01_2016-EX-1_1-AGENCY_AGREEMENT.txt,134179,20909
505,XinhuaSportsEntertainmentLtd_20070221_F-1_EX-99.4_645553_EX-99.4_Content License Agreement,XinhuaSportsEntertainmentLtd_20070221_F-1_EX-99_4_645553_EX-99_4_Content_License_Agreement.txt,data/raw/XinhuaSportsEntertainmentLtd_20070221_F-1_EX-99_4_645553_EX-99_4_Content_License_Agreement.txt,19128,2472
506,MERITLIFEINSURANCECO_06_19_2020-EX-10.(XIV)-MASTER SERVICES AGREEMENT,MERITLIFEINSURANCECO_06_19_2020-EX-10__XIV_-MASTER_SERVICES_AGREEMENT.txt,data/raw/MERITLIFEINSURANCECO_06_19_2020-EX-10__XIV_-MASTER_SERVICES_AGREEMENT.txt,22090,3328
507,"TALLGRASSENERGY,LP_02_20_2020-EX-99.26-JOINT FILING AGREEMENT",TALLGRASSENERGY_LP_02_20_2020-EX-99_26-JOINT_FILING_AGREEMENT.txt,data/raw/TALLGRASSENERGY_LP_02_20_2020-EX-99_26-JOINT_FILING_AGREEMENT.txt,3971,621
508,KINGPHARMACEUTICALSINC_08_09_2006-EX-10.1-PROMOTION AGREEMENT,KINGPHARMACEUTICALSINC_08_09_2006-EX-10_1-PROMOTION_AGREEMENT.txt,data/raw/KINGPHARMACEUTICALSINC_08_09_2006-EX-10_1-PROMOTION_AGREEMENT.txt,173240,26840
509,PerformanceSportsBrandsInc_20110909_S-1_EX-10.10_7220214_EX-10.10_Endorsement Agreement,PerformanceSportsBrandsInc_20110909_S-1_EX-10_10_7220214_EX-10_10_Endorsement_Agreement.txt,data/raw/PerformanceSportsBrandsInc_20110909_S-1_EX-10_10_7220214_EX-10_10_Endorsement_Agreement.txt,27166,4118
